;$FILEVERSION=1.1
;$STARTTIME=46168.6396648727
;
;   Start time: 26/05/2026 15:21:07.045.0
;   Generated by PCAN-View v5.3.3.958
;
;   Message Number
;   |         Time Offset (ms)
;   |         |        Type
;   |         |        |        ID (hex)
;   |         |        |        |     Data Length
;   |         |        |        |     |   Data Bytes (hex) ...
;   |         |        |        |     |   |
;---+--   ----+----  --+--  ----+---  +  -+ -- -- -- -- -- -- --
     1)       15.6  Rx      0610  8  00 00 00 00 00 00 00 00 
     2)       15.6  Rx  1839F380  8  01 19 20 1C 08 07 00 A6 
     3)       19.6  Rx      0626  8  00 00 FE 7F 00 00 00 00 
     4)       46.6  Rx      0600  8  0A 64 01 00 00 40 00 00 
     5)       50.5  Rx      0618  8  00 01 00 64 AD 13 00 00 
     6)       53.6  Rx      0626  8  00 00 FE 7F 00 00 00 00 
     7)       87.6  Rx      0626  8  00 00 FE 7F 00 00 00 00 
     8)      115.6  Rx  1839F380  8  01 19 20 1C 08 07 00 A6 
     9)      116.5  Rx      0610  8  00 00 00 00 00 00 00 00 
    10)      121.7  Rx      0626  8  00 00 FE 7F 00 00 00 00 
    11)      148.6  Rx      0600  8  0A 64 01 00 00 40 00 00 
    12)      151.6  Rx      0618  8  00 01 00 64 AB 13 00 00 
    13)      155.6  Rx      0626  8  00 00 FE 7F 00 00 00 00 
    14)      189.6  Rx      0626  8  00 00 FE 7F 00 00 00 00 
    15)      215.6  Rx  1839F380  8  01 19 20 1C 08 07 00 A6 
    16)      217.6  Rx      0610  8  00 00 00 00 00 00 00 00 
    17)      223.6  Rx      0626  8  00 00 FE 7F 00 00 00 00 
    18)      250.6  Rx      0600  8  0A 64 01 00 00 40 00 00 
    19)      252.6  Rx      0618  8  00 01 00 64 AC 13 00 00 
    20)      257.6  Rx      0626  8  00 00 FE 7F 00 00 00 00 
    21)      291.6  Rx      0626  8  00 00 FE 7F 00 00 00 00 
    22)      293.6  Rx      0625  8  00 00 00 00 32 00 00 00 
    23)      315.6  Rx  1839F380  8  01 19 20 1C 08 07 00 A6 
    24)      318.6  Rx      0610  8  00 00 00 00 00 00 00 00 
    25)      325.6  Rx      0626  8  00 00 FE 7F 00 00 00 00 
    26)      347.6  Rx      0620  8  0A 19 00 00 81 02 00 00 
    27)      352.6  Rx      0600  8  0A 64 01 00 00 40 00 00 
    28)      353.6  Rx      0618  8  00 01 00 64 AC 13 00 00 
    29)      359.6  Rx      0626  8  00 00 FE 7F 00 00 00 00 
    30)      389.7  Rx      0037  3  00 00 00 
    31)      390.2  Rx      0030  8  07 40 00 04 00 00 00 32 
    32)      393.6  Rx      0626  8  00 00 FE 7F 00 00 00 00 
    33)      415.6  Rx  1839F380  8  01 19 20 1C 08 07 00 A6 
    34)      419.6  Rx      0610  8  00 00 00 00 00 00 00 00 
    35)      427.6  Rx      0626  8  00 00 FE 7F 00 00 00 00 
    36)      454.6  Rx      0600  8  0A 64 01 00 00 40 00 00 
    37)      454.7  Rx      0618  8  00 01 00 64 AD 13 00 00 
    38)      461.6  Rx      0626  8  00 00 FE 7F 00 00 00 00 
    39)      478.6  Rx      0628  8  0A 04 6F 00 20 00 00 00 
    40)      495.6  Rx      0626  8  00 00 FE 7F 00 00 00 00 
    41)      515.6  Rx  1839F380  8  01 19 20 1C 08 07 00 A6 
    42)      515.6  Rx      0100  8  2C 46 FB 05 12 C0 AD A3 
    43)      518.6  Rx      0101  8  13 88 00 17 00 60 8B 52 
    44)      520.6  Rx      0610  8  00 00 00 00 00 00 00 00 
    45)      521.6  Rx      0102  8  00 00 00 00 00 00 1B 00 
    46)      524.6  Rx      0104  4  1C 03 71 49 
    47)      527.6  Rx      0105  8  0B B0 0B BA 0B A6 31 E4 
    48)      529.6  Rx      0626  8  00 00 FE 7F 00 00 00 00 
    49)      530.6  Rx      0107  8  0F CB 0F D2 0F CE 7D 82 
    50)      533.6  Rx      0108  8  0F D5 0F D1 0F CD 7E 9A 
    51)      536.6  Rx      0109  8  0F D4 0F D0 0F CC BE 37 
    52)      539.6  Rx      010A  8  0F D3 0F CF 0F CB 7A F2 
    53)      542.6  Rx      010B  8  0F D2 0F CE 0F D5 72 1E 
    54)      545.6  Rx      010C  8  0F D1 0F CD 0F D4 B2 6B 
    55)      548.6  Rx      010D  8  0F D0 0F CC 0F D3 70 46 
    56)      551.6  Rx      010E  8  0F CF 0F CB 0F D2 B3 A3 
    57)      554.6  Rx      010F  8  0F CE 0F D5 0F D1 74 BE 
    58)      555.5  Rx      0618  8  00 01 00 64 AD 13 00 00 
    59)      556.6  Rx      0600  8  0A 64 01 00 00 40 00 00 
    60)      557.6  Rx      0110  8  0F CD 00 00 00 00 34 2D 
    61)      563.6  Rx      0626  8  00 00 FE 7F 00 00 00 00 
    62)      597.6  Rx      0626  8  00 00 FE 7F 00 00 00 00 
    63)      615.6  Rx  1839F380  8  01 19 20 1C 08 07 00 A6 
    64)      621.6  Rx      0610  8  00 00 00 00 00 00 00 00 
    65)      631.6  Rx      0626  8  00 00 FE 7F 00 00 00 00 
    66)      656.6  Rx      0618  8  00 01 00 64 AB 13 00 00 
    67)      658.6  Rx      0600  8  0A 64 01 00 00 40 00 00 
    68)      665.6  Rx      0626  8  00 00 FE 7F 00 00 00 00 
    69)      699.6  Rx      0626  8  00 00 FE 7F 00 00 00 00 
    70)      715.6  Rx  1839F380  8  01 19 20 1C 08 07 00 A6 
    71)      722.5  Rx      0610  8  00 00 00 00 00 00 00 00 
    72)      733.6  Rx      0626  8  00 00 FE 7F 00 00 00 00 
    73)      757.6  Rx      0618  8  00 01 00 64 AC 13 00 00 
    74)      760.6  Rx      0600  8  0A 64 01 00 00 40 00 00 
    75)      767.5  Rx      0626  8  00 00 FE 7F 00 00 00 00 
    76)      801.6  Rx      0626  8  00 00 FE 7F 00 00 00 00 
    77)      815.6  Rx  1839F380  8  01 19 20 1C 08 07 00 A6 
    78)      823.5  Rx      0610  8  00 00 00 00 00 00 00 00 
    79)      835.6  Rx      0626  8  00 00 FE 7F 00 00 00 00 
    80)      858.6  Rx      0618  8  00 01 00 64 AC 13 00 00 
    81)      862.5  Rx      0600  8  0A 64 01 00 00 40 00 00 
    82)      869.6  Rx      0626  8  00 00 FE 7F 00 00 00 00 
    83)      903.6  Rx      0626  8  00 00 FE 7F 00 00 00 00 
    84)      915.6  Rx  1839F380  8  01 19 20 1C 08 07 00 A6 
    85)      924.6  Rx      0610  8  00 00 00 00 00 00 00 00 
    86)      937.6  Rx      0626  8  00 00 FE 7F 00 00 00 00 
    87)      959.6  Rx      0618  8  00 01 00 64 AD 13 00 00 
    88)      964.6  Rx      0600  8  0A 64 01 00 00 40 00 00 
    89)      971.6  Rx      0626  8  00 00 FE 7F 00 00 00 00 
    90)     1005.6  Rx      0626  8  00 00 FE 7F 00 00 00 00 
    91)     1015.6  Rx  1839F380  8  01 19 20 1C 08 07 00 A6 
    92)     1025.6  Rx      0610  8  00 00 00 00 00 00 00 00 
    93)     1039.6  Rx      0626  8  00 00 FE 7F 00 00 00 00 
    94)     1060.6  Rx      0618  8  00 01 00 64 AB 13 00 00 
    95)     1066.6  Rx      0600  8  0A 64 01 00 00 40 00 00 
    96)     1073.6  Rx      0626  8  00 00 FE 7F 00 00 00 00 
    97)     1107.6  Rx      0626  8  00 00 FE 7F 00 00 00 00 
    98)     1115.6  Rx  1839F380  8  01 19 20 1C 08 07 00 A6 
    99)     1126.6  Rx      0610  8  00 00 00 00 00 00 00 00 
   100)     1141.6  Rx      0626  8  00 00 FE 7F 00 00 00 00 
   101)     1161.6  Rx      0618  8  00 01 00 64 AB 13 00 00 
   102)     1168.6  Rx      0600  8  0A 64 01 00 00 40 00 00 
   103)     1175.6  Rx      0626  8  00 00 FE 7F 00 00 00 00 
   104)     1182.6  Rx      0625  8  00 00 00 00 32 00 00 00 
   105)     1209.5  Rx      0626  8  00 00 FE 7F 00 00 00 00 
   106)     1215.6  Rx  1839F380  8  01 19 20 1C 08 07 00 A6 
   107)     1227.6  Rx      0610  8  00 00 00 00 00 00 00 00 
   108)     1235.6  Rx      0628  8  0A 04 6F 00 20 00 00 00 
   109)     1243.6  Rx      0626  8  00 00 FE 7F 00 00 00 00 
   110)     1262.6  Rx      0618  8  00 01 00 64 AC 13 00 00 
   111)     1270.6  Rx      0600  8  0A 64 01 00 00 40 00 00 
   112)     1277.6  Rx      0626  8  00 00 FE 7F 00 00 00 00 
   113)     1311.6  Rx      0626  8  00 00 FE 7F 00 00 00 00 
   114)     1315.6  Rx  1839F380  8  01 19 20 1C 08 07 00 A6 
   115)     1328.6  Rx      0610  8  00 00 00 00 00 00 00 00 
   116)     1345.6  Rx      0626  8  00 00 FE 7F 00 00 00 00 
   117)     1348.6  Rx      0620  8  0A 19 00 00 81 02 00 00 
   118)     1363.6  Rx      0618  8  00 01 00 64 AC 13 00 00 
   119)     1372.6  Rx      0600  8  0A 64 01 00 00 40 00 00 
   120)     1379.6  Rx      0626  8  00 00 FE 7F 00 00 00 00 
   121)     1413.6  Rx      0626  8  00 00 FE 7F 00 00 00 00 
   122)     1415.6  Rx  1839F380  8  01 19 20 1C 08 07 00 A6 
   123)     1429.6  Rx      0610  8  00 00 00 00 00 00 00 00 
   124)     1447.6  Rx      0626  8  00 00 FE 7F 00 00 00 00 
   125)     1464.6  Rx      0618  8  00 01 00 64 AB 13 00 00 
   126)     1474.6  Rx      0600  8  0A 64 01 00 00 40 00 00 
   127)     1481.6  Rx      0626  8  00 00 FE 7F 00 00 00 00 
   128)     1515.5  Rx      0626  8  00 00 FE 7F 00 00 00 00 
   129)     1515.6  Rx  1839F380  8  01 19 20 1C 08 07 00 A6 
   130)     1515.6  Rx      0100  8  2C 46 FA 74 12 C0 4A F2 
   131)     1518.6  Rx      0101  8  13 88 00 17 00 60 8B 52 
   132)     1521.6  Rx      0102  8  00 00 00 00 00 00 1B 00 
   133)     1524.6  Rx      0104  4  1C 03 71 49 
   134)     1527.6  Rx      0105  8  0B B0 0B BA 0B A6 31 E4 
   135)     1530.6  Rx      0610  8  00 00 00 00 00 00 00 00 
   136)     1530.6  Rx      0107  8  0F CB 0F D2 0F CE 7D 82 
   137)     1533.6  Rx      0108  8  0F D5 0F D1 0F CD 7E 9A 
   138)     1536.6  Rx      0109  8  0F D4 0F D0 0F CC BE 37 
   139)     1539.6  Rx      010A  8  0F D3 0F CF 0F CB 7A F2 
   140)     1542.6  Rx      010B  8  0F D2 0F CE 0F D5 72 1E 
   141)     1545.6  Rx      010C  8  0F D1 0F CD 0F D4 B2 6B 
   142)     1548.6  Rx      010D  8  0F D0 0F CC 0F D3 70 46 
   143)     1549.6  Rx      0626  8  00 00 FE 7F 00 00 00 00 
   144)     1551.6  Rx      010E  8  0F CF 0F CB 0F D2 B3 A3 
   145)     1554.6  Rx      010F  8  0F CE 0F D5 0F D1 74 BE 
   146)     1557.6  Rx      0110  8  0F CD 00 00 00 00 34 2D 
   147)     1565.6  Rx      0618  8  00 01 00 64 AB 13 00 00 
   148)     1576.6  Rx      0600  8  0A 64 01 00 00 40 00 00 
   149)     1583.6  Rx      0626  8  00 00 FE 7F 00 00 00 00 
   150)     1615.6  Rx  1839F380  8  01 19 20 1C 08 07 00 A6 
   151)     1617.6  Rx      0626  8  00 00 FE 7F 00 00 00 00 
   152)     1631.6  Rx      0610  8  00 00 00 00 00 00 00 00 
   153)     1651.5  Rx      0626  8  00 00 FE 7F 00 00 00 00 
   154)     1666.6  Rx      0618  8  00 01 00 64 AB 13 00 00 
   155)     1678.6  Rx      0600  8  0A 64 01 00 00 40 00 00 
   156)     1685.6  Rx      0626  8  00 00 FE 7F 00 00 00 00 
   157)     1715.6  Rx  1839F380  8  01 19 20 1C 08 07 00 A6 
   158)     1719.6  Rx      0626  8  00 00 FE 7F 00 00 00 00 
   159)     1732.6  Rx      0610  8  00 00 00 00 00 00 00 00 
   160)     1753.6  Rx      0626  8  00 00 FE 7F 00 00 00 00 
   161)     1767.6  Rx      0618  8  00 01 00 64 AC 13 00 00 
   162)     1780.6  Rx      0600  8  0A 64 01 00 00 40 00 00 
   163)     1787.6  Rx      0626  8  00 00 FE 7F 00 00 00 00 
   164)     1815.6  Rx  1839F380  8  01 19 20 1C 08 07 00 A6 
   165)     1821.6  Rx      0626  8  00 00 FE 7F 00 00 00 00 
   166)     1833.6  Rx      0610  8  00 00 00 00 00 00 00 00 
   167)     1855.6  Rx      0626  8  00 00 FE 7F 00 00 00 00 
   168)     1868.6  Rx      0618  8  00 01 00 64 AA 13 00 00 
   169)     1882.6  Rx      0600  8  0A 64 01 00 00 40 00 00 
   170)     1889.6  Rx      0626  8  00 00 FE 7F 00 00 00 00 
   171)     1915.6  Rx  1839F380  8  01 19 20 1C 08 07 00 A6 
   172)     1923.6  Rx      0626  8  00 00 FE 7F 00 00 00 00 
   173)     1934.6  Rx      0610  8  00 00 00 00 00 00 00 00 
   174)     1957.6  Rx      0626  8  00 00 FE 7F 00 00 00 00 
   175)     1969.6  Rx      0618  8  00 01 00 64 AB 13 00 00 
   176)     1984.5  Rx      0600  8  0A 64 01 00 00 40 00 00 
   177)     1991.5  Rx      0626  8  00 00 FE 7F 00 00 00 00 
   178)     1992.5  Rx      0628  8  0A 04 6F 00 20 00 00 00 
   179)     2015.6  Rx  1839F380  8  01 19 20 1C 08 07 00 A6 
   180)     2025.5  Rx      0626  8  00 00 FE 7F 00 00 00 00 
   181)     2035.5  Rx      0610  8  00 00 00 00 00 00 00 00 
   182)     2059.5  Rx      0626  8  00 00 FE 7F 00 00 00 00 
   183)     2070.5  Rx      0618  8  00 01 00 64 AB 13 00 00 
   184)     2071.5  Rx      0625  8  00 00 00 00 32 00 00 00 
   185)     2086.6  Rx      0600  8  0A 64 01 00 00 40 00 00 
   186)     2093.6  Rx      0626  8  00 00 FE 7F 00 00 00 00 
   187)     2115.6  Rx  1839F380  8  01 19 20 1C 08 07 00 A6 
   188)     2127.6  Rx      0626  8  00 00 FE 7F 00 00 00 00 
   189)     2136.6  Rx      0610  8  00 00 00 00 00 00 00 00 
   190)     2161.5  Rx      0626  8  00 00 FE 7F 00 00 00 00 
   191)     2171.5  Rx      0618  8  00 01 00 64 AC 13 00 00 
   192)     2188.5  Rx      0600  8  0A 64 01 00 00 40 00 00 
   193)     2195.5  Rx      0626  8  00 00 FE 7F 00 00 00 00 
   194)     2215.6  Rx  1839F380  8  01 19 20 1C 08 07 00 A6 
   195)     2229.5  Rx      0626  8  00 00 FE 7F 00 00 00 00 
   196)     2237.6  Rx      0610  8  00 00 00 00 00 00 00 00 
   197)     2263.5  Rx      0626  8  00 00 FE 7F 00 00 00 00 
   198)     2272.5  Rx      0618  8  00 01 00 64 AC 13 00 00 
   199)     2290.5  Rx      0600  8  0A 64 01 00 00 40 00 00 
   200)     2297.5  Rx      0626  8  00 00 FE 7F 00 00 00 00 
   201)     2315.6  Rx  1839F380  8  01 19 20 1C 08 07 00 A6 
   202)     2331.5  Rx      0626  8  00 00 FE 7F 00 00 00 00 
   203)     2338.5  Rx      0610  8  00 00 00 00 00 00 00 00 
   204)     2349.5  Rx      0620  8  0A 19 00 00 81 02 00 00 
   205)     2365.5  Rx      0626  8  00 00 FE 7F 00 00 00 00 
   206)     2373.5  Rx      0618  8  00 01 00 64 AB 13 00 00 
   207)     2388.4  Rx      0037  3  00 00 00 
   208)     2388.9  Rx      0030  8  07 40 00 04 00 00 00 33 
   209)     2392.5  Rx      0600  8  0A 64 01 00 00 40 00 00 
   210)     2399.6  Rx      0626  8  00 00 FE 7F 00 00 00 00 
   211)     2415.6  Rx  1839F380  8  01 19 20 1C 08 07 00 A6 
   212)     2433.5  Rx      0626  8  00 00 FE 7F 00 00 00 00 
   213)     2439.5  Rx      0610  8  00 00 00 00 00 00 00 00 
   214)     2467.5  Rx      0626  8  00 00 FE 7F 00 00 00 00 
   215)     2474.5  Rx      0618  8  00 01 00 64 AD 13 00 00 
   216)     2494.5  Rx      0600  8  0A 64 01 00 00 40 00 00 
   217)     2501.5  Rx      0626  8  00 00 FE 7F 00 00 00 00 
   218)     2515.6  Rx  1839F380  8  01 19 20 1C 08 07 00 A6 
   219)     2515.6  Rx      0100  8  2C 46 F9 F1 12 C0 E7 E3 
   220)     2518.6  Rx      0101  8  13 88 00 17 00 60 8B 52 
   221)     2521.6  Rx      0102  8  00 00 00 00 00 00 1B 00 
   222)     2524.6  Rx      0104  4  1C 03 71 49 
   223)     2527.6  Rx      0105  8  0B B0 0B BA 0B A6 31 E4 
   224)     2530.6  Rx      0107  8  0F CB 0F D2 0F CE 7D 82 
   225)     2533.6  Rx      0108  8  0F D5 0F D1 0F CD 7E 9A 
   226)     2535.5  Rx      0626  8  00 00 FE 7F 00 00 00 00 
   227)     2536.6  Rx      0109  8  0F D4 0F D0 0F CC BE 37 
   228)     2539.6  Rx      010A  8  0F D3 0F CF 0F CB 7A F2 
   229)     2540.5  Rx      0610  8  00 00 00 00 00 00 00 00 
   230)     2542.6  Rx      010B  8  0F D2 0F CE 0F D5 72 1E 
   231)     2545.6  Rx      010C  8  0F D1 0F CD 0F D4 B2 6B 
   232)     2548.6  Rx      010D  8  0F D0 0F CC 0F D3 70 46 
   233)     2551.6  Rx      010E  8  0F CF 0F CB 0F D2 B3 A3 
   234)     2554.6  Rx      010F  8  0F CE 0F D5 0F D1 74 BE 
   235)     2557.6  Rx      0110  8  0F CD 00 00 00 00 34 2D 
   236)     2569.5  Rx      0626  8  00 00 FE 7F 00 00 00 00 
   237)     2575.5  Rx      0618  8  00 01 00 64 AB 13 00 00 
   238)     2596.5  Rx      0600  8  0A 64 01 00 00 40 00 00 
   239)     2603.5  Rx      0626  8  00 00 FE 7F 00 00 00 00 
   240)     2615.6  Rx  1839F380  8  01 19 20 1C 08 07 00 A6 
   241)     2637.5  Rx      0626  8  00 00 FE 7F 00 00 00 00 
   242)     2641.5  Rx      0610  8  00 00 00 00 00 00 00 00 
   243)     2671.5  Rx      0626  8  00 00 FE 7F 00 00 00 00 
   244)     2676.5  Rx      0618  8  00 01 00 64 AD 13 00 00 
   245)     2698.5  Rx      0600  8  0A 64 01 00 00 40 00 00 
   246)     2705.5  Rx      0626  8  00 00 FE 7F 00 00 00 00 
   247)     2715.6  Rx  1839F380  8  01 19 20 1C 08 07 00 A6 
   248)     2739.5  Rx      0626  8  00 00 FE 7F 00 00 00 00 
   249)     2742.5  Rx      0610  8  00 00 00 00 00 00 00 00 
   250)     2749.5  Rx      0628  8  07 04 6F 00 20 00 00 00 
   251)     2773.5  Rx      0626  8  00 00 FE 7F 00 00 00 00 
   252)     2777.5  Rx      0618  8  00 01 00 64 AC 13 00 00 
   253)     2800.5  Rx      0600  8  0A 64 01 00 00 40 00 00 
   254)     2807.5  Rx      0626  8  00 00 FE 7F 00 00 00 00 
   255)     2815.6  Rx  1839F380  8  01 19 20 1C 08 07 00 A6 
   256)     2841.5  Rx      0626  8  00 00 FE 7F 00 00 00 00 
   257)     2843.5  Rx      0610  8  00 00 00 00 00 00 00 00 
   258)     2875.5  Rx      0626  8  00 00 FE 7F 00 00 00 00 
   259)     2878.5  Rx      0618  8  00 01 00 64 AB 13 00 00 
   260)     2902.5  Rx      0600  8  0A 64 01 00 00 40 00 00 
   261)     2909.5  Rx      0626  8  00 00 FE 7F 00 00 00 00 
   262)     2915.6  Rx  1839F380  8  01 19 20 1C 08 07 00 A6 
   263)     2943.5  Rx      0626  8  00 00 FE 7F 00 00 00 00 
   264)     2944.5  Rx      0610  8  00 00 00 00 00 00 00 00 
   265)     2960.5  Rx      0625  8  00 00 00 00 32 00 00 00 
   266)     2977.5  Rx      0626  8  00 00 FE 7F 00 00 00 00 
   267)     2979.5  Rx      0618  8  00 01 00 64 AD 13 00 00 
   268)     3004.5  Rx      0600  8  0A 64 01 00 00 40 00 00 
   269)     3011.5  Rx      0626  8  00 00 FE 7F 00 00 00 00 
   270)     3015.6  Rx  1839F380  8  01 19 20 1C 08 07 00 A6 
   271)     3045.5  Rx      0610  8  00 00 00 00 00 00 00 00 
   272)     3045.7  Rx      0626  8  00 00 FE 7F 00 00 00 00 
   273)     3079.6  Rx      0626  8  00 00 FE 7F 00 00 00 00 
   274)     3080.5  Rx      0618  8  00 01 00 64 AD 13 00 00 
   275)     3106.5  Rx      0600  8  0A 64 01 00 00 40 00 00 
   276)     3113.5  Rx      0626  8  00 00 FE 7F 00 00 00 00 
   277)     3115.6  Rx  1839F380  8  01 19 20 1C 08 07 00 A6 
   278)     3146.5  Rx      0610  8  00 00 00 00 00 00 00 00 
   279)     3147.5  Rx      0626  8  00 00 FE 7F 00 00 00 00 
   280)     3181.5  Rx      0618  8  00 01 00 64 AC 13 00 00 
   281)     3181.7  Rx      0626  8  00 00 FE 7F 00 00 00 00 
   282)     3208.5  Rx      0600  8  0A 64 01 00 00 40 00 00 
   283)     3215.5  Rx      0626  8  00 00 FE 7F 00 00 00 00 
   284)     3215.6  Rx  1839F380  8  01 19 20 1C 08 07 00 A6 
   285)     3247.5  Rx      0610  8  00 00 00 00 00 00 00 00 
   286)     3249.5  Rx      0626  8  00 00 FE 7F 00 00 00 00 
   287)     3282.5  Rx      0618  8  00 01 00 64 AB 13 00 00 
   288)     3283.5  Rx      0626  8  00 00 FE 7F 00 00 00 00 
   289)     3310.5  Rx      0600  8  0A 64 01 00 00 40 00 00 
   290)     3315.6  Rx  1839F380  8  01 19 20 1C 08 07 00 A6 
   291)     3317.5  Rx      0626  8  00 00 FE 7F 00 00 00 00 
   292)     3348.5  Rx      0610  8  00 00 00 00 00 00 00 00 
   293)     3350.5  Rx      0620  8  0A 19 00 00 81 02 00 00 
   294)     3351.5  Rx      0626  8  00 00 FE 7F 00 00 00 00 
   295)     3383.5  Rx      0618  8  00 01 00 64 AC 13 00 00 
   296)     3385.5  Rx      0626  8  00 00 FE 7F 00 00 00 00 
   297)     3412.5  Rx      0600  8  0A 64 01 00 00 40 00 00 
   298)     3415.6  Rx  1839F380  8  01 19 20 1C 08 07 00 A6 
   299)     3419.5  Rx      0626  8  00 00 FE 7F 00 00 00 00 
   300)     3449.5  Rx      0610  8  00 00 00 00 00 00 00 00 
   301)     3453.5  Rx      0626  8  00 00 FE 7F 00 00 00 00 
   302)     3484.5  Rx      0618  8  00 01 00 64 AD 13 00 00 
   303)     3487.5  Rx      0626  8  00 00 FE 7F 00 00 00 00 
   304)     3506.5  Rx      0628  8  0A 04 6F 00 20 00 00 00 
   305)     3514.5  Rx      0600  8  0A 64 01 00 00 40 00 00 
   306)     3515.6  Rx  1839F380  8  01 19 20 1C 08 07 00 A6 
   307)     3515.6  Rx      0100  8  2C 22 F9 83 12 8E 00 B2 
   308)     3518.6  Rx      0101  8  13 88 00 17 00 5F 9B 12 
   309)     3521.5  Rx      0626  8  00 00 FE 7F 00 00 00 00 
   310)     3521.6  Rx      0102  8  00 00 00 00 00 00 1B 00 
   311)     3524.6  Rx      0104  4  1C 03 71 49 
   312)     3527.6  Rx      0105  8  0B B0 0B BA 0B A6 31 E4 
   313)     3530.6  Rx      0107  8  0F BE 0F C5 0F C1 B6 FF 
   314)     3533.6  Rx      0108  8  0F C8 0F C4 0F C0 7D A6 
   315)     3536.6  Rx      0109  8  0F C7 0F C3 0F BF 5D 02 
   316)     3539.6  Rx      010A  8  0F C6 0F C2 0F BE 9D AF 
   317)     3542.6  Rx      010B  8  0F C5 0F C1 0F C8 7B 9A 
   318)     3545.6  Rx      010C  8  0F C4 0F C0 0F C7 7F B6 
   319)     3548.6  Rx      010D  8  0F C3 0F BF 0F C6 A7 F3 
   320)     3550.5  Rx      0610  8  00 00 00 00 00 00 00 00 
   321)     3551.6  Rx      010E  8  0F C2 0F BE 0F C5 A6 DF 
   322)     3554.6  Rx      010F  8  0F C1 0F C8 0F C4 BC BB 
   323)     3555.5  Rx      0626  8  00 00 FE 7F 00 00 00 00 
   324)     3557.6  Rx      0110  8  0F C0 00 00 00 00 F5 00 
   325)     3585.5  Rx      0618  8  00 01 00 64 AC 13 00 00 
   326)     3589.5  Rx      0626  8  00 00 FE 7F 00 00 00 00 
   327)     3615.6  Rx  1839F380  8  01 19 20 1C 08 07 00 A6 
   328)     3616.5  Rx      0600  8  0A 64 01 00 00 40 00 00 
   329)     3623.5  Rx      0626  8  00 00 FE 7F 00 00 00 00 
   330)     3651.5  Rx      0610  8  00 00 00 00 00 00 00 00 
   331)     3657.5  Rx      0626  8  00 00 FE 7F 00 00 00 00 
   332)     3686.5  Rx      0618  8  00 01 00 64 AB 13 00 00 
   333)     3691.5  Rx      0626  8  00 00 FE 7F 00 00 00 00 
   334)     3715.6  Rx  1839F380  8  01 19 20 1C 08 07 00 A6 
   335)     3718.5  Rx      0600  8  0A 64 01 00 00 40 00 00 
   336)     3725.5  Rx      0626  8  00 00 FE 7F 00 00 00 00 
   337)     3752.5  Rx      0610  8  00 00 00 00 00 00 00 00 
   338)     3759.5  Rx      0626  8  00 00 FE 7F 00 00 00 00 
   339)     3787.5  Rx      0618  8  00 01 00 64 AB 13 00 00 
   340)     3793.5  Rx      0626  8  00 00 FE 7F 00 00 00 00 
   341)     3815.6  Rx  1839F380  8  01 19 20 1C 08 07 00 A6 
   342)     3820.5  Rx      0600  8  0A 64 01 00 00 40 00 00 
   343)     3827.5  Rx      0626  8  00 00 FE 7F 00 00 00 00 
   344)     3849.5  Rx      0625  8  00 00 00 00 32 00 00 00 
   345)     3853.5  Rx      0610  8  00 00 00 00 00 00 00 00 
   346)     3861.5  Rx      0626  8  00 00 FE 7F 00 00 00 00 
   347)     3888.5  Rx      0618  8  00 01 00 64 AC 13 00 00 
   348)     3895.5  Rx      0626  8  00 00 FE 7F 00 00 00 00 
   349)     3915.6  Rx  1839F380  8  01 19 20 1C 08 07 00 A6 
   350)     3922.5  Rx      0600  8  0A 64 01 00 00 40 00 00 
   351)     3929.5  Rx      0626  8  00 00 FE 7F 00 00 00 00 
   352)     3954.5  Rx      0610  8  00 00 00 00 00 00 00 00 
   353)     3963.5  Rx      0626  8  00 00 FE 7F 00 00 00 00 
   354)     3989.5  Rx      0618  8  00 01 00 64 AB 13 00 00 
   355)     3997.5  Rx      0626  8  00 00 FE 7F 00 00 00 00 
   356)     4015.6  Rx  1839F380  8  01 19 20 1C 08 07 00 A6 
   357)     4024.5  Rx      0600  8  0A 64 01 00 00 40 00 00 
   358)     4031.5  Rx      0626  8  00 00 FE 7F 00 00 00 00 
   359)     4055.5  Rx      0610  8  00 00 00 00 00 00 00 00 
   360)     4065.6  Rx      0626  8  00 00 FE 7F 00 00 00 00 
   361)     4090.5  Rx      0618  8  00 01 00 64 AA 13 00 00 
   362)     4099.5  Rx      0626  8  00 00 FE 7F 00 00 00 00 
   363)     4115.6  Rx  1839F380  8  01 19 20 1C 08 07 00 A6 
   364)     4126.6  Rx      0600  8  0A 64 01 00 00 40 00 00 
   365)     4133.5  Rx      0626  8  00 00 FE 7F 00 00 00 00 
   366)     4156.5  Rx      0610  8  00 00 00 00 00 00 00 00 
   367)     4167.5  Rx      0626  8  00 00 FE 7F 00 00 00 00 
   368)     4191.5  Rx      0618  8  00 01 00 64 AB 13 00 00 
   369)     4201.5  Rx      0626  8  00 00 FE 7F 00 00 00 00 
   370)     4215.6  Rx  1839F380  8  01 19 20 1C 08 07 00 A6 
   371)     4228.5  Rx      0600  8  0A 64 01 00 00 40 00 00 
   372)     4235.5  Rx      0626  8  00 00 FE 7F 00 00 00 00 
   373)     4257.5  Rx      0610  8  00 00 00 00 00 00 00 00 
   374)     4263.5  Rx      0628  8  0A 04 6F 00 20 00 00 00 
   375)     4269.5  Rx      0626  8  00 00 FE 7F 00 00 00 00 
   376)     4292.5  Rx      0618  8  00 01 00 64 AC 13 00 00 
   377)     4303.5  Rx      0626  8  00 00 FE 7F 00 00 00 00 
   378)     4315.6  Rx  1839F380  8  01 19 20 1C 08 07 00 A6 
   379)     4330.5  Rx      0600  8  0A 64 01 00 00 40 00 00 
   380)     4337.5  Rx      0626  8  00 00 FE 7F 00 00 00 00 
   381)     4351.5  Rx      0620  8  0A 19 00 00 81 02 00 00 
   382)     4358.5  Rx      0610  8  00 00 00 00 00 00 00 00 
   383)     4371.6  Rx      0626  8  00 00 FE 7F 00 00 00 00 
   384)     4389.5  Rx      0037  3  00 00 00 
   385)     4390.0  Rx      0030  8  07 40 00 04 00 00 00 34 
   386)     4393.5  Rx      0618  8  00 01 00 64 AA 13 00 00 
   387)     4405.5  Rx      0626  8  00 00 FE 7F 00 00 00 00 
   388)     4415.6  Rx  1839F380  8  01 19 20 1C 08 07 00 A6 
   389)     4432.5  Rx      0600  8  0A 64 01 00 00 40 00 00 
   390)     4439.5  Rx      0626  8  00 00 FE 7F 00 00 00 00 
   391)     4459.5  Rx      0610  8  00 00 00 00 00 00 00 00 
   392)     4473.5  Rx      0626  8  00 00 FE 7F 00 00 00 00 
   393)     4494.5  Rx      0618  8  00 01 00 64 AC 13 00 00 
   394)     4507.5  Rx      0626  8  00 00 FE 7F 00 00 00 00 
   395)     4515.6  Rx  1839F380  8  01 19 20 1C 08 07 00 A6 
   396)     4515.6  Rx      0100  8  2C 22 F9 33 12 8E E7 B3 
   397)     4518.6  Rx      0101  8  13 88 00 17 00 5F 9B 12 
   398)     4521.6  Rx      0102  8  00 00 00 00 00 00 1B 00 
   399)     4524.6  Rx      0104  4  1C 03 71 49 
   400)     4527.6  Rx      0105  8  0B B0 0B BA 0B A6 31 E4 
   401)     4530.6  Rx      0107  8  0F BE 0F C5 0F C1 B6 FF 
   402)     4533.6  Rx      0108  8  0F C8 0F C4 0F C0 7D A6 
   403)     4534.5  Rx      0600  8  0A 64 01 00 00 40 00 00 
   404)     4536.6  Rx      0109  8  0F C7 0F C3 0F BF 5D 02 
   405)     4539.6  Rx      010A  8  0F C6 0F C2 0F BE 9D AF 
   406)     4541.5  Rx      0626  8  00 00 FE 7F 00 00 00 00 
   407)     4542.6  Rx      010B  8  0F C5 0F C1 0F C8 7B 9A 
   408)     4545.6  Rx      010C  8  0F C4 0F C0 0F C7 7F B6 
   409)     4548.6  Rx      010D  8  0F C3 0F BF 0F C6 A7 F3 
   410)     4551.6  Rx      010E  8  0F C2 0F BE 0F C5 A6 DF 
   411)     4554.6  Rx      010F  8  0F C1 0F C8 0F C4 BC BB 
   412)     4557.6  Rx      0110  8  0F C0 00 00 00 00 F5 00 
   413)     4560.5  Rx      0610  8  00 00 00 00 00 00 00 00 
   414)     4575.5  Rx      0626  8  00 00 FE 7F 00 00 00 00 
   415)     4595.5  Rx      0618  8  00 01 00 64 AB 13 00 00 
   416)     4609.5  Rx      0626  8  00 00 FE 7F 00 00 00 00 
   417)     4615.6  Rx  1839F380  8  01 19 20 1C 08 07 00 A6 
   418)     4636.5  Rx      0600  8  0A 64 01 00 00 40 00 00 
   419)     4643.5  Rx      0626  8  00 00 FE 7F 00 00 00 00 
   420)     4661.5  Rx      0610  8  00 00 00 00 00 00 00 00 
   421)     4677.5  Rx      0626  8  00 00 FE 7F 00 00 00 00 
   422)     4696.5  Rx      0618  8  00 01 00 64 AC 13 00 00 
   423)     4711.5  Rx      0626  8  00 00 FE 7F 00 00 00 00 
   424)     4715.6  Rx  1839F380  8  01 19 20 1C 08 07 00 A6 
   425)     4738.5  Rx      0600  8  0A 64 01 00 00 40 00 00 
   426)     4738.6  Rx      0625  8  00 00 00 00 32 00 00 00 
   427)     4745.5  Rx      0626  8  00 00 FE 7F 00 00 00 00 
   428)     4762.5  Rx      0610  8  00 00 00 00 00 00 00 00 
   429)     4779.5  Rx      0626  8  00 00 FE 7F 00 00 00 00 
   430)     4797.5  Rx      0618  8  00 01 00 64 AC 13 00 00 
   431)     4813.5  Rx      0626  8  00 00 FE 7F 00 00 00 00 
   432)     4815.6  Rx  1839F380  8  01 19 20 1C 08 07 00 A6 
   433)     4840.5  Rx      0600  8  0A 64 01 00 00 40 00 00 
   434)     4847.5  Rx      0626  8  00 00 FE 7F 00 00 00 00 
   435)     4863.5  Rx      0610  8  00 00 00 00 00 00 00 00 
   436)     4881.5  Rx      0626  8  00 00 FE 7F 00 00 00 00 
   437)     4898.5  Rx      0618  8  00 01 00 64 AC 13 00 00 
   438)     4915.5  Rx      0626  8  00 00 FE 7F 00 00 00 00 
   439)     4915.6  Rx  1839F380  8  01 19 20 1C 08 07 00 A6 
   440)     4942.5  Rx      0600  8  0A 64 01 00 00 40 00 00 
   441)     4949.5  Rx      0626  8  00 00 FE 7F 00 00 00 00 
   442)     4964.5  Rx      0610  8  00 00 00 00 00 00 00 00 
   443)     4983.5  Rx      0626  8  00 00 FE 7F 00 00 00 00 
   444)     4999.5  Rx      0618  8  00 01 00 64 AC 13 00 00 
   445)     5015.6  Rx  1839F380  8  01 19 20 1C 08 07 00 A6 
   446)     5017.5  Rx      0626  8  00 00 FE 7F 00 00 00 00 
   447)     5020.5  Rx      0628  8  07 04 6F 00 20 00 00 00 
   448)     5044.5  Rx      0600  8  0A 64 01 00 00 40 00 00 
   449)     5051.5  Rx      0626  8  00 00 FE 7F 00 00 00 00 
   450)     5065.5  Rx      0610  8  00 00 00 00 00 00 00 00 
   451)     5085.4  Rx      0626  8  00 00 FE 7F 00 00 00 00 
   452)     5100.5  Rx      0618  8  00 01 00 64 AC 13 00 00 
   453)     5115.6  Rx  1839F380  8  01 1A 21 1D 08 07 00 A9 
   454)     5119.5  Rx      0626  8  00 00 FE 7F 00 00 00 00 
   455)     5146.5  Rx      0600  8  0A 64 01 00 00 40 00 00 
   456)     5153.5  Rx      0626  8  00 00 FE 7F 00 00 00 00 
   457)     5166.5  Rx      0610  8  00 00 00 00 00 00 00 00 
   458)     5187.5  Rx      0626  8  00 00 FE 7F 00 00 00 00 
   459)     5201.5  Rx      0618  8  00 01 00 64 AD 13 00 00 
   460)     5215.6  Rx  1839F380  8  01 1A 21 1D 08 07 00 A9 
   461)     5221.5  Rx      0626  8  00 00 FE 7F 00 00 00 00 
   462)     5248.5  Rx      0600  8  0A 64 01 00 00 40 00 00 
   463)     5255.5  Rx      0626  8  00 00 FE 7F 00 00 00 00 
   464)     5267.5  Rx      0610  8  00 00 00 00 00 00 00 00 
   465)     5289.5  Rx      0626  8  0B 00 66 26 01 00 00 00 
   466)     5302.6  Rx      0618  8  00 01 00 64 B6 13 00 00 
   467)     5315.6  Rx  1839F380  8  01 1A 21 1D 08 07 00 A9 
   468)     5323.5  Rx      0626  8  D6 02 FE 7F 03 00 00 00 
   469)     5350.5  Rx      0600  8  0A 66 01 00 00 40 00 00 
   470)     5352.5  Rx      0620  8  0A 19 00 00 81 02 00 00 
   471)     5357.5  Rx      0626  8  BA 05 FE 7F 08 00 00 00 
   472)     5368.5  Rx      0610  8  01 00 01 00 01 00 00 00 
   473)     5391.5  Rx      0626  8  7D 08 FE 7F 10 00 00 00 
   474)     5403.5  Rx      0618  8  00 01 00 64 B5 13 02 00 
   475)     5415.6  Rx  1839F380  8  01 1A 21 1D 08 07 00 A9 
   476)     5425.5  Rx      0626  8  BC 0B FE 7F 19 00 00 00 
   477)     5452.5  Rx      0600  8  0A 66 01 00 00 40 00 00 
   478)     5459.5  Rx      0626  8  63 0F FE 7F 30 00 00 00 
   479)     5469.5  Rx      0610  8  04 00 08 00 08 00 02 00 
   480)     5493.5  Rx      0626  8  80 12 FE 7F 5C 00 00 00 
   481)     5504.5  Rx      0618  8  00 01 00 64 B1 13 07 00 
   482)     5515.6  Rx  1839F380  8  01 1A 21 1D 08 07 00 A9 
   483)     5515.6  Rx      0100  8  2C 22 F9 03 12 8E E8 B3 
   484)     5518.6  Rx      0101  8  13 88 00 17 00 5F 9B 12 
   485)     5521.6  Rx      0102  8  00 00 00 00 00 00 1B 00 
   486)     5524.6  Rx      0104  4  1C 03 71 49 
   487)     5527.5  Rx      0626  8  C4 14 FE 7F 91 00 00 00 
   488)     5527.6  Rx      0105  8  0B B0 0B BA 0B A6 31 E4 
   489)     5530.6  Rx      0107  8  0F BE 0F C5 0F C1 B6 FF 
   490)     5533.6  Rx      0108  8  0F C8 0F C4 0F C0 7D A6 
   491)     5536.6  Rx      0109  8  0F C7 0F C3 0F BF 5D 02 
   492)     5539.6  Rx      010A  8  0F C6 0F C2 0F BE 9D AF 
   493)     5542.6  Rx      010B  8  0F C5 0F C1 0F C8 7B 9A 
   494)     5545.6  Rx      010C  8  0F C4 0F C0 0F C7 7F B6 
   495)     5548.6  Rx      010D  8  0F C3 0F BF 0F C6 A7 F3 
   496)     5551.6  Rx      010E  8  0F C2 0F BE 0F C5 A6 DF 
   497)     5554.5  Rx      0600  8  0A 66 01 00 00 40 00 00 
   498)     5554.6  Rx      010F  8  0F C1 0F C8 0F C4 BC BB 
   499)     5557.6  Rx      0110  8  0F C0 00 00 00 00 F5 00 
   500)     5561.5  Rx      0626  8  E5 0E FE 7F 95 00 00 00 
   501)     5570.5  Rx      0610  8  06 00 20 00 21 00 07 00 
   502)     5595.5  Rx      0626  8  D6 16 FE 7F 3B 01 00 00 
   503)     5605.5  Rx      0618  8  00 01 00 64 A6 13 14 00 
   504)     5615.6  Rx  1839F380  8  01 1A 21 1D 08 07 00 A9 
   505)     5627.5  Rx      0625  8  00 00 00 00 32 00 00 00 
   506)     5629.5  Rx      0626  8  23 19 FE 7F 74 01 00 00 
   507)     5656.5  Rx      0600  8  0A 66 01 00 00 40 00 00 
   508)     5663.5  Rx      0626  8  75 1E FE 7F F9 01 00 00 
   509)     5671.5  Rx      0610  8  09 00 6B 00 6E 00 17 00 
   510)     5697.5  Rx      0626  8  61 23 FE 7F 82 02 00 00 
   511)     5706.5  Rx      0618  8  00 01 00 64 9C 13 32 00 
   512)     5715.6  Rx  1839F380  8  01 1A 21 1D 08 07 00 A9 
   513)     5731.5  Rx      0626  8  0E 26 FE 7F FE 02 00 00 
   514)     5758.5  Rx      0600  8  0A 66 01 00 00 40 00 00 
   515)     5765.5  Rx      0626  8  B8 27 FE 7F B8 03 00 00 
   516)     5772.5  Rx      0610  8  0E 00 DD 00 E4 00 3B 00 
   517)     5777.5  Rx      0628  8  07 04 6F 00 20 00 00 00 
   518)     5799.5  Rx      0626  8  03 28 FE 7F 2C 04 00 00 
   519)     5807.5  Rx      0618  8  00 01 00 64 A0 13 5B 00 
   520)     5815.6  Rx  1839F380  8  01 1A 21 1D 08 07 00 A9 
   521)     5833.5  Rx      0626  8  1D 28 FE 7F BC 04 00 00 
   522)     5860.5  Rx      0600  8  0A 66 01 00 00 40 00 00 
   523)     5867.4  Rx      0626  8  1D 28 FE 7F 4E 05 00 00 
   524)     5873.5  Rx      0610  8  0F 00 57 01 62 01 5E 00 
   525)     5901.5  Rx      0626  8  20 28 FE 7F C5 05 00 00 
   526)     5908.5  Rx      0618  8  00 01 00 64 89 13 76 00 
   527)     5915.6  Rx  1839F380  8  01 1A 21 1D 08 07 00 A9 
   528)     5935.5  Rx      0626  8  29 28 FE 7F 42 06 00 00 
   529)     5960.5  Rx      0615  8  24 00 56 00 00 00 00 00 
   530)     5962.5  Rx      0600  8  0A 66 01 00 00 40 00 00 
   531)     5969.5  Rx      0626  8  2E 28 FE 7F A7 06 00 00 
   532)     5974.5  Rx      0610  8  0F 00 C8 01 D7 01 7B 00 
   533)     6003.5  Rx      0626  8  13 28 FE 7F 37 07 00 00 
   534)     6009.5  Rx      0618  8  00 01 00 64 87 13 92 00 
   535)     6015.6  Rx  1839F380  8  01 1A 21 1D 08 07 00 A9 
   536)     6037.5  Rx      0626  8  1A 28 FE 7F 91 07 00 00 
   537)     6064.5  Rx      0600  8  0A 66 01 00 00 40 00 00 
   538)     6071.5  Rx      0626  8  FB 27 FE 7F 0B 08 00 00 
   539)     6075.5  Rx      0610  8  0F 00 31 02 45 02 96 00 
   540)     6105.5  Rx      0626  8  F3 27 FE 7F 83 08 00 00 
   541)     6110.5  Rx      0618  8  00 01 00 64 8C 13 AB 00 
   542)     6115.6  Rx  1839F380  8  01 1A 21 1D 08 07 00 A9 
   543)     6139.5  Rx      0626  8  FB 27 FE 7F F7 08 00 00 
   544)     6166.5  Rx      0600  8  0A 66 01 00 00 40 00 00 
   545)     6173.5  Rx      0626  8  F9 27 FE 7F 58 09 00 00 
   546)     6176.5  Rx      0610  8  0F 00 94 02 AC 02 B0 00 
   547)     6207.4  Rx      0626  8  E9 27 FE 7F B4 09 00 00 
   548)     6211.5  Rx      0618  8  00 01 00 64 7C 13 C5 00 
   549)     6215.6  Rx  1839F380  8  01 1A 21 1D 08 07 00 A9 
   550)     6241.5  Rx      0626  8  E4 27 FE 7F 29 0A 00 00 
   551)     6268.5  Rx      0600  8  0A 66 01 00 00 40 00 00 
   552)     6275.5  Rx      0626  8  CE 27 FE 7F 8C 0A 00 00 
   553)     6277.6  Rx      0610  8  0F 00 F3 02 0E 03 C7 00 
   554)     6309.5  Rx      0626  8  C3 27 FE 7F FC 0A 00 00 
   555)     6312.5  Rx      0618  8  00 01 00 64 6F 13 DB 00 
   556)     6315.6  Rx  1839F380  8  01 1A 21 1D 08 07 00 A9 
   557)     6343.5  Rx      0626  8  CE 27 FE 7F 63 0B 00 00 
   558)     6353.4  Rx      0620  8  0A 19 00 00 81 02 00 00 
   559)     6370.5  Rx      0600  8  0A 66 01 00 00 40 00 00 
   560)     6377.5  Rx      0626  8  BC 27 FE 7F C7 0B 00 00 
   561)     6378.5  Rx      0610  8  0F 00 4D 03 6C 03 DD 00 
   562)     6379.5  Rx      0615  8  50 00 56 00 00 00 00 00 
   563)     6388.0  Rx      0037  3  00 00 00 
   564)     6388.6  Rx      0030  8  07 40 00 04 00 00 00 35 
   565)     6411.5  Rx      0626  8  89 27 FE 7F 29 0C 00 00 
   566)     6413.5  Rx      0618  8  00 01 00 64 6D 13 F0 00 
   567)     6415.6  Rx  1839F380  8  01 1A 21 1D 08 07 00 A9 
   568)     6445.5  Rx      0626  8  68 27 99 7F 8C 0C 00 00 
   569)     6472.5  Rx      0600  8  0A 66 01 00 10 40 00 00 
   570)     6479.5  Rx      0610  8  0F 00 A4 03 C6 03 F2 00 
   571)     6479.6  Rx      0626  8  40 27 A1 7F E3 0C 00 00 
   572)     6513.5  Rx      0626  8  D8 26 1E 7E 49 0D 00 00 
   573)     6514.5  Rx      0618  8  00 01 00 64 62 13 01 01 
   574)     6515.6  Rx  1839F380  8  01 1A 21 1D 08 07 00 A9 
   575)     6515.6  Rx      0100  8  2C 22 F8 F9 12 8E 25 92 
   576)     6516.5  Rx      0625  8  00 00 00 00 32 00 00 00 
   577)     6518.6  Rx      0101  8  13 88 00 17 00 5F 9B 12 
   578)     6521.6  Rx      0102  8  00 00 00 00 00 00 1B 00 
   579)     6524.6  Rx      0104  4  1C 03 71 49 
   580)     6527.6  Rx      0105  8  0B B0 0B BA 0B A6 31 E4 
   581)     6530.6  Rx      0107  8  0F BE 0F C5 0F C1 B6 FF 
   582)     6533.6  Rx      0108  8  0F C8 0F C4 0F C0 7D A6 
   583)     6534.5  Rx      0628  8  0A 04 6F 00 20 00 00 00 
   584)     6536.6  Rx      0109  8  0F C7 0F C3 0F BF 5D 02 
   585)     6539.6  Rx      010A  8  0F C6 0F C2 0F BE 9D AF 
   586)     6542.6  Rx      010B  8  0F C5 0F C1 0F C8 7B 9A 
   587)     6545.6  Rx      010C  8  0F C4 0F C0 0F C7 7F B6 
   588)     6547.5  Rx      0626  8  23 26 3C 7A 9F 0D 00 00 
   589)     6548.6  Rx      010D  8  0F C3 0F BF 0F C6 A7 F3 
   590)     6551.6  Rx      010E  8  0F C2 0F BE 0F C5 A6 DF 
   591)     6554.6  Rx      010F  8  0F C1 0F C8 0F C4 BC BB 
   592)     6557.6  Rx      0110  8  0F C0 00 00 00 00 F5 00 
   593)     6574.5  Rx      0600  8  0A 66 01 00 10 40 00 00 
   594)     6580.4  Rx      0610  8  0E 00 F7 03 1B 04 FE 00 
   595)     6581.5  Rx      0626  8  18 25 D0 77 01 0E 00 00 
   596)     6615.5  Rx      0618  8  00 01 00 64 70 13 FE 00 
   597)     6615.6  Rx      0626  8  00 24 89 76 4F 0E 00 00 
   598)     6615.6  Rx  1839F380  8  01 1A 21 1D 08 07 00 A9 
   599)     6649.5  Rx      0626  8  3F 23 C2 74 90 0E 00 00 
   600)     6673.5  Rx      0615  8  49 00 56 00 00 00 00 00 
   601)     6676.5  Rx      0600  8  0A 66 01 00 10 40 00 00 
   602)     6681.5  Rx      0610  8  0D 00 3F 04 66 04 FE 00 
   603)     6683.5  Rx      0626  8  D9 22 B6 72 D4 0E 00 00 
   604)     6715.6  Rx  1839F380  8  01 1A 21 1D 08 07 00 A9 
   605)     6716.5  Rx      0618  8  00 01 00 64 70 13 00 01 
   606)     6717.4  Rx      0626  8  39 22 7C 71 2C 0F 00 00 
   607)     6751.5  Rx      0626  8  2A 21 13 70 60 0F 00 00 
   608)     6778.5  Rx      0600  8  0A 66 01 00 10 40 00 00 
   609)     6782.5  Rx      0610  8  0D 00 7D 04 A6 04 FC 00 
   610)     6785.5  Rx      0626  8  BF 20 15 6F A0 0F 00 00 
   611)     6815.6  Rx  1839F380  8  01 1A 21 1D 08 07 00 A9 
   612)     6817.5  Rx      0618  8  00 01 00 64 69 13 FC 00 
   613)     6819.5  Rx      0626  8  42 20 1E 6F E4 0F 00 00 
   614)     6853.5  Rx      0626  8  74 1F F6 6E 0E 10 00 00 
   615)     6880.5  Rx      0600  8  0A 66 01 00 10 40 00 00 
   616)     6883.5  Rx      0610  8  0C 00 B1 04 DD 04 F9 00 
   617)     6887.5  Rx      0626  8  0D 1F AC 6E 42 10 00 00 
   618)     6915.6  Rx  1839F380  8  01 1A 21 1D 08 07 00 A9 
   619)     6918.5  Rx      0618  8  00 01 00 64 6A 13 FB 00 
   620)     6921.5  Rx      0626  8  9B 1E 35 71 7D 10 00 00 
   621)     6925.5  Rx      0615  8  3F 00 56 00 00 00 00 00 
   622)     6955.5  Rx      0626  8  C2 1E 5C 72 9E 10 00 00 
   623)     6982.4  Rx      0600  8  0A 66 01 00 10 40 00 00 
   624)     6984.5  Rx      0610  8  0C 00 DF 04 0C 05 F9 00 
   625)     6989.4  Rx      0626  8  8E 1E 53 71 E4 10 00 00 
   626)     7015.6  Rx  1839F380  8  01 1A 21 1D 08 07 00 A9 
   627)     7019.5  Rx      0618  8  00 01 00 64 69 13 F9 00 
   628)     7023.5  Rx      0626  8  B7 1D 1B 72 02 11 00 00 
   629)     7057.5  Rx      0626  8  F1 1D 49 72 42 11 00 00 
   630)     7084.5  Rx      0600  8  0A 66 01 00 10 40 00 00 
   631)     7085.5  Rx      0610  8  0B 00 08 05 37 05 F9 00 
   632)     7091.5  Rx      0626  8  08 1D 42 74 5C 11 00 00 
   633)     7115.6  Rx  1839F380  8  01 1A 21 1D 08 07 00 A9 
   634)     7120.4  Rx      0618  8  00 01 00 64 73 13 FC 00 
   635)     7125.5  Rx      0626  8  51 1D BE 74 91 11 00 00 
   636)     7157.5  Rx      0615  8  3A 00 56 00 00 00 00 00 
   637)     7159.4  Rx      0626  8  52 1C 3F 75 AF 11 00 00 
   638)     7186.4  Rx      0600  8  0A 66 01 00 10 40 00 00 
   639)     7186.6  Rx      0610  8  0B 00 2D 05 5D 05 F8 00 
   640)     7193.4  Rx      0626  8  46 1C C9 76 DC 11 00 00 
   641)     7215.6  Rx  1839F380  8  01 1A 21 1D 08 07 00 A9 
   642)     7221.5  Rx      0618  8  00 01 00 64 6F 13 F2 00 
   643)     7227.5  Rx      0626  8  76 1B D6 7A F0 11 00 00 
   644)     7261.4  Rx      0626  8  AF 1B 55 7F 24 12 00 00 
   645)     7287.5  Rx      0610  8  0A 00 4D 05 7E 05 F2 00 
   646)     7288.4  Rx      0600  8  0A 66 01 00 00 40 00 00 
   647)     7291.4  Rx      0628  8  0A 04 6F 00 21 00 00 00 
   648)     7295.4  Rx      0626  8  A6 1A E8 7E 2E 12 00 00 
   649)     7315.6  Rx  1839F380  8  01 1A 21 1D 08 07 00 A9 
   650)     7322.5  Rx      0618  8  00 01 00 64 6C 13 EB 00 
   651)     7329.4  Rx      0626  8  98 19 DA 7F 5D 12 00 00 
   652)     7354.5  Rx      0620  8  0B 19 00 00 81 02 00 00 
   653)     7363.4  Rx      0626  8  19 18 FE 7F 60 12 00 00 
   654)     7377.5  Rx      0615  8  34 00 56 00 00 00 00 00 
   655)     7388.4  Rx      0610  8  09 00 66 05 99 05 E1 00 
   656)     7390.5  Rx      0600  8  0A 66 01 00 00 40 00 00 
   657)     7397.5  Rx      0626  8  A3 16 FE 7F 7A 12 00 00 
   658)     7405.5  Rx      0625  8  00 00 00 00 32 00 00 00 
   659)     7415.6  Rx  1839F380  8  01 1A 21 1D 08 07 00 A9 
   660)     7423.5  Rx      0618  8  00 01 00 64 73 13 C3 00 
   661)     7431.5  Rx      0626  8  1B 16 FE 7F 8C 12 00 00 
   662)     7465.4  Rx      0626  8  6F 14 FE 7F 7C 12 00 00 
   663)     7489.4  Rx      0610  8  08 00 72 05 A5 05 C1 00 
   664)     7492.4  Rx      0600  8  0A 66 01 00 00 40 00 00 
   665)     7499.4  Rx      0626  8  C5 13 FE 7F 8F 12 00 00 
   666)     7515.6  Rx  1839F380  8  01 1A 21 1D 08 07 00 A9 
   667)     7515.6  Rx      0100  8  2C 22 F9 14 12 8E EC 03 
   668)     7518.6  Rx      0101  8  13 88 00 17 00 5F 9B 12 
   669)     7521.6  Rx      0102  8  00 00 00 00 00 00 1B 00 
   670)     7524.4  Rx      0618  8  00 01 00 64 85 13 A3 00 
   671)     7524.6  Rx      0104  4  1C 03 71 49 
   672)     7527.6  Rx      0105  8  0B B0 0B BA 0B A6 31 E4 
   673)     7530.6  Rx      0107  8  0F BE 0F C5 0F C1 B6 FF 
   674)     7533.5  Rx      0626  8  F8 11 FE 7F 71 12 00 00 
   675)     7533.6  Rx      0108  8  0F C8 0F C4 0F C0 7D A6 
   676)     7536.6  Rx      0109  8  0F C7 0F C3 0F BF 5D 02 
   677)     7539.6  Rx      010A  8  0F C6 0F C2 0F BE 9D AF 
   678)     7542.6  Rx      010B  8  0F C5 0F C1 0F C8 7B 9A 
   679)     7545.6  Rx      010C  8  0F C4 0F C0 0F C7 7F B6 
   680)     7548.6  Rx      010D  8  0F C3 0F BF 0F C6 A7 F3 
   681)     7551.6  Rx      010E  8  0F C2 0F BE 0F C5 A6 DF 
   682)     7554.6  Rx      010F  8  0F C1 0F C8 0F C4 BC BB 
   683)     7557.6  Rx      0110  8  0F C0 00 00 00 00 F5 00 
   684)     7567.4  Rx      0626  8  33 11 FE 7F 74 12 00 00 
   685)     7590.4  Rx      0610  8  07 00 6F 05 A2 05 A1 00 
   686)     7592.5  Rx      0615  8  25 00 56 00 00 00 00 00 
   687)     7594.4  Rx      0600  8  0A 66 01 00 00 40 00 00 
   688)     7601.4  Rx      0626  8  81 10 FE 7F 59 12 00 00 
   689)     7615.6  Rx  1839F380  8  01 1A 21 1D 08 07 00 A9 
   690)     7625.5  Rx      0618  8  00 01 00 64 85 13 91 00 
   691)     7635.4  Rx      0626  8  A4 0F FE 7F 4E 12 00 00 
   692)     7669.5  Rx      0626  8  C1 0F FE 7F 42 12 00 00 
   693)     7691.5  Rx      0610  8  06 00 61 05 94 05 8C 00 
   694)     7696.5  Rx      0600  8  0A 66 01 00 00 40 00 00 
   695)     7703.5  Rx      0626  8  B4 0E FE 7F 1C 12 00 00 
   696)     7715.6  Rx  1839F380  8  01 1A 21 1D 08 07 00 A9 
   697)     7726.4  Rx      0618  8  00 01 00 64 90 13 7E 00 
   698)     7737.4  Rx      0626  8  B2 0E FE 7F 11 12 00 00 
   699)     7771.5  Rx      0626  8  89 0D FE 7F E9 11 00 00 
   700)     7792.5  Rx      0610  8  05 00 4E 05 80 05 7D 00 
   701)     7798.4  Rx      0600  8  0A 66 01 00 00 40 00 00 
   702)     7805.4  Rx      0626  8  D1 0D FE 7F DE 11 00 00 
   703)     7812.5  Rx      0615  8  1D 00 56 00 00 00 00 00 
   704)     7815.6  Rx  1839F380  8  01 1A 21 1D 08 07 00 A9 
   705)     7827.4  Rx      0618  8  00 01 00 64 8D 13 75 00 
   706)     7839.4  Rx      0626  8  F8 0C FE 7F B4 11 00 00 
   707)     7873.4  Rx      0626  8  3C 0D FE 7F A0 11 00 00 
   708)     7893.5  Rx      0610  8  05 00 35 05 66 05 71 00 
   709)     7900.4  Rx      0600  8  0A 66 01 00 00 40 00 00 
   710)     7907.4  Rx      0626  8  84 0C FE 7F 75 11 00 00 
   711)     7915.6  Rx  1839F380  8  01 1A 21 1D 08 07 00 A9 
   712)     7928.4  Rx      0618  8  00 01 00 64 95 13 68 00 
   713)     7941.4  Rx      0626  8  CD 0C FE 7F 65 11 00 00 
   714)     7975.4  Rx      0626  8  1E 0C FE 7F 37 11 00 00 
   715)     7994.4  Rx      0610  8  04 00 1B 05 4B 05 69 00 
   716)     8002.4  Rx      0600  8  0A 66 01 00 00 40 00 00 
   717)     8009.4  Rx      0626  8  7C 0C FE 7F 24 11 00 00 
   718)     8015.6  Rx  1839F380  8  01 1A 21 1D 08 07 00 A9 
   719)     8029.4  Rx      0618  8  00 01 00 64 8F 13 65 00 
   720)     8041.5  Rx      0615  8  18 00 56 00 00 00 00 00 
   721)     8043.5  Rx      0626  8  EF 0B FE 7F F5 10 00 00 
   722)     8048.4  Rx      0628  8  0A 04 6F 00 20 00 00 00 
   723)     8077.4  Rx      0626  8  20 0C FE 7F D6 10 00 00 
   724)     8095.4  Rx      0610  8  04 00 FE 04 2D 05 63 00 
   725)     8104.5  Rx      0600  8  0A 66 01 00 00 40 00 00 
   726)     8111.4  Rx      0626  8  D0 0B FE 7F C1 10 00 00 
   727)     8115.6  Rx  1839F380  8  01 1A 21 1D 08 07 00 A9 
   728)     8130.5  Rx      0618  8  00 01 00 64 94 13 5F 00 
   729)     8145.4  Rx      0626  8  EF 0B FE 7F 8D 10 00 00 
   730)     8179.5  Rx      0626  8  DF 0B FE 7F 86 10 00 00 
   731)     8196.4  Rx      0610  8  04 00 E1 04 10 05 5F 00 
   732)     8206.5  Rx      0600  8  0A 66 01 00 00 40 00 00 
   733)     8213.5  Rx      0626  8  9D 0B FE 7F 50 10 00 00 
   734)     8215.6  Rx  1839F380  8  01 1A 21 1D 08 07 00 A9 
   735)     8231.5  Rx      0618  8  00 01 00 64 94 13 5B 00 
   736)     8247.5  Rx      0626  8  FA 0B FE 7F 3D 10 00 00 
   737)     8281.5  Rx      0626  8  B6 0B FE 7F 20 10 00 00 
   738)     8283.5  Rx      0615  8  17 00 56 00 00 00 00 00 
   739)     8294.5  Rx      0625  8  00 00 00 00 32 00 00 00 
   740)     8297.5  Rx      0610  8  04 00 C5 04 F2 04 5C 00 
   741)     8308.4  Rx      0600  8  0A 66 01 00 00 40 00 00 
   742)     8315.4  Rx      0626  8  9F 0B FE 7F EF 0F 00 00 
   743)     8315.6  Rx  1839F380  8  01 1A 21 1D 08 07 00 A9 
   744)     8332.5  Rx      0618  8  00 01 00 64 97 13 58 00 
   745)     8349.4  Rx      0626  8  CD 0B FE 7F DD 0F 00 00 
   746)     8355.4  Rx      0620  8  0B 19 00 00 81 02 00 00 
   747)     8383.4  Rx      0626  8  7D 0B FE 7F BD 0F 00 00 
   748)     8388.5  Rx      0037  3  00 00 00 
   749)     8389.0  Rx      0030  8  07 40 00 04 00 00 00 36 
   750)     8398.4  Rx      0610  8  04 00 A9 04 D6 04 59 00 
   751)     8410.4  Rx      0600  8  0A 66 01 00 00 40 00 00 
   752)     8415.6  Rx  1839F380  8  01 1A 21 1D 08 07 00 A9 
   753)     8417.4  Rx      0626  8  A1 0B FE 7F 8F 0F 00 00 
   754)     8433.4  Rx      0618  8  00 01 00 64 8F 13 56 00 
   755)     8451.4  Rx      0626  8  BF 0B FE 7F 81 0F 00 00 
   756)     8485.5  Rx      0626  8  8E 0B FE 7F 5E 0F 00 00 
   757)     8499.5  Rx      0610  8  04 00 8E 04 B9 04 57 00 
   758)     8512.5  Rx      0600  8  0A 66 01 00 00 40 00 00 
   759)     8515.6  Rx  1839F380  8  01 1A 21 1D 08 07 00 A9 
   760)     8515.6  Rx      0100  8  2C 22 F9 52 12 8E 39 E2 
   761)     8518.6  Rx      0101  8  13 88 00 17 00 5F 9B 12 
   762)     8519.5  Rx      0626  8  A9 0B FE 7F 3B 0F 00 00 
   763)     8521.6  Rx      0102  8  00 00 00 00 00 00 1B 00 
   764)     8524.6  Rx      0104  4  1C 03 71 49 
   765)     8527.6  Rx      0105  8  0B B0 0B BA 0B A6 31 E4 
   766)     8530.6  Rx      0107  8  0F BE 0F C5 0F C1 B6 FF 
   767)     8533.6  Rx      0108  8  0F C8 0F C4 0F C0 7D A6 
   768)     8534.4  Rx      0618  8  00 01 00 64 99 13 54 00 
   769)     8536.6  Rx      0109  8  0F C7 0F C3 0F BF 5D 02 
   770)     8539.5  Rx      0615  8  17 00 56 00 00 00 00 00 
   771)     8539.6  Rx      010A  8  0F C6 0F C2 0F BE 9D AF 
   772)     8542.6  Rx      010B  8  0F C5 0F C1 0F C8 7B 9A 
   773)     8545.6  Rx      010C  8  0F C4 0F C0 0F C7 7F B6 
   774)     8548.6  Rx      010D  8  0F C3 0F BF 0F C6 A7 F3 
   775)     8551.6  Rx      010E  8  0F C2 0F BE 0F C5 A6 DF 
   776)     8553.5  Rx      0626  8  CF 0B FE 7F 24 0F 00 00 
   777)     8554.6  Rx      010F  8  0F C1 0F C8 0F C4 BC BB 
   778)     8557.6  Rx      0110  8  0F C0 00 00 00 00 F5 00 
   779)     8587.4  Rx      0626  8  8C 0B FE 7F 06 0F 00 00 
   780)     8600.4  Rx      0610  8  04 00 73 04 9D 04 55 00 
   781)     8614.5  Rx      0600  8  0A 66 01 00 00 40 00 00 
   782)     8615.6  Rx  1839F380  8  01 1A 21 1D 08 07 00 A9 
   783)     8621.4  Rx      0626  8  72 0B FE 7F DA 0E 00 00 
   784)     8635.4  Rx      0618  8  00 01 00 64 97 13 55 00 
   785)     8655.4  Rx      0626  8  A2 0B FE 7F B8 0E 00 00 
   786)     8689.5  Rx      0626  8  DB 0B FE 7F B5 0E 00 00 
   787)     8701.4  Rx      0610  8  04 00 5A 04 83 04 53 00 
   788)     8715.6  Rx  1839F380  8  01 1A 21 1D 08 07 00 A9 
   789)     8716.4  Rx      0600  8  0A 66 01 00 00 40 00 00 
   790)     8723.4  Rx      0626  8  82 0B FE 7F 8E 0E 00 00 
   791)     8736.4  Rx      0618  8  00 01 00 64 9D 13 52 00 
   792)     8757.4  Rx      0626  8  9B 0B FE 7F 61 0E 00 00 
   793)     8791.5  Rx      0626  8  BF 0B FE 7F 49 0E 00 00 
   794)     8802.4  Rx      0610  8  04 00 40 04 68 04 52 00 
   795)     8805.4  Rx      0628  8  0A 04 6F 00 20 00 00 00 
   796)     8810.5  Rx      0615  8  16 00 56 00 00 00 00 00 
   797)     8815.6  Rx  1839F380  8  01 1A 21 1D 08 07 00 A9 
   798)     8818.4  Rx      0600  8  0A 66 01 00 00 40 00 00 
   799)     8825.4  Rx      0626  8  DF 0B FE 7F 41 0E 00 00 
   800)     8837.5  Rx      0618  8  00 01 00 64 96 13 4F 00 
   801)     8859.4  Rx      0626  8  EA 0B FE 7F 27 0E 00 00 
   802)     8893.4  Rx      0626  8  B3 0B FE 7F 08 0E 00 00 
   803)     8903.4  Rx      0610  8  04 00 28 04 4F 04 50 00 
   804)     8915.6  Rx  1839F380  8  01 1A 21 1D 08 07 00 A9 
   805)     8920.5  Rx      0600  8  0A 66 01 00 00 40 00 00 
   806)     8927.4  Rx      0626  8  BD 0B FE 7F DB 0D 00 00 
   807)     8938.5  Rx      0618  8  00 01 00 64 96 13 50 00 
   808)     8961.5  Rx      0626  8  E0 0B FE 7F C3 0D 00 00 
   809)     8995.5  Rx      0626  8  E2 0B FE 7F AC 0D 00 00 
   810)     9004.4  Rx      0610  8  04 00 11 04 37 04 4F 00 
   811)     9015.6  Rx  1839F380  8  01 1A 21 1D 08 07 00 A9 
   812)     9022.5  Rx      0600  8  0A 66 01 00 00 40 00 00 
   813)     9029.4  Rx      0626  8  DC 0B FE 7F A0 0D 00 00 
   814)     9039.4  Rx      0618  8  00 01 00 64 94 13 4D 00 
   815)     9063.5  Rx      0626  8  AF 0B FE 7F 82 0D 00 00 
   816)     9097.5  Rx      0626  8  B9 0B FE 7F 6B 0D 00 00 
   817)     9099.5  Rx      0615  8  17 00 56 00 00 00 00 00 
   818)     9105.4  Rx      0610  8  04 00 FA 03 20 04 4D 00 
   819)     9115.6  Rx  1839F380  8  01 1A 21 1D 08 07 00 A9 
   820)     9124.4  Rx      0600  8  0A 66 01 00 00 40 00 00 
   821)     9131.4  Rx      0626  8  A6 0B FE 7F 46 0D 00 00 
   822)     9140.4  Rx      0618  8  00 01 00 64 9A 13 4C 00 
   823)     9165.4  Rx      0626  8  A3 0B FE 7F 2C 0D 00 00 
   824)     9183.4  Rx      0625  8  00 00 00 00 32 00 00 00 
   825)     9199.5  Rx      0626  8  DC 0B FE 7F 13 0D 00 00 
   826)     9206.4  Rx      0610  8  04 00 E4 03 09 04 4B 00 
   827)     9215.6  Rx  1839F380  8  01 1A 21 1D 08 07 00 A9 
   828)     9226.4  Rx      0600  8  0A 66 01 00 00 40 00 00 
   829)     9233.4  Rx      0626  8  FF 0B FE 7F FF 0C 00 00 
   830)     9241.4  Rx      0618  8  00 01 00 64 96 13 4B 00 
   831)     9267.4  Rx      0626  8  1C 0C FE 7F F8 0C 00 00 
   832)     9301.5  Rx      0626  8  40 0C FE 7F E0 0C 00 00 
   833)     9307.4  Rx      0610  8  04 00 CF 03 F3 03 4B 00 
   834)     9315.6  Rx  1839F380  8  01 1A 21 1D 08 07 00 A9 
   835)     9328.5  Rx      0600  8  0A 66 01 00 00 40 00 00 
   836)     9335.5  Rx      0626  8  00 0D FE 7F CC 0C 00 00 
   837)     9342.4  Rx      0618  8  00 01 00 64 9B 13 51 00 
   838)     9356.4  Rx      0620  8  0C 19 00 00 81 02 00 00 
   839)     9369.5  Rx      0626  8  2E 0E FE 7F B5 0C 00 00 
   840)     9403.4  Rx      0626  8  5E 0F FE 7F A9 0C 00 00 
   841)     9407.5  Rx      0615  8  18 00 56 00 00 00 00 00 
   842)     9408.4  Rx      0610  8  05 00 BE 03 E2 03 56 00 
   843)     9415.6  Rx  1839F380  8  01 1A 21 1D 08 07 00 A9 
   844)     9430.5  Rx      0600  8  0A 66 01 00 00 40 00 00 
   845)     9437.5  Rx      0626  8  25 11 FE 7F A9 0C 00 00 
   846)     9443.5  Rx      0618  8  00 01 00 64 85 13 6C 00 
   847)     9471.5  Rx      0626  8  21 12 FE 7F A2 0C 00 00 
   848)     9505.4  Rx      0626  8  30 12 FE 7F AA 0C 00 00 
   849)     9509.4  Rx      0610  8  06 00 BA 03 DD 03 6D 00 
   850)     9515.6  Rx  1839F380  8  01 1A 21 1D 08 07 00 A9 
   851)     9515.6  Rx      0100  8  2C 22 F9 B0 12 8E 0F 42 
   852)     9518.6  Rx      0101  8  13 88 00 17 00 5F 9B 12 
   853)     9521.6  Rx      0102  8  00 00 00 00 00 00 1B 00 
   854)     9524.6  Rx      0104  4  1C 03 71 49 
   855)     9527.6  Rx      0105  8  0B B0 0B BA 0B A6 31 E4 
   856)     9530.6  Rx      0107  8  0F BE 0F C5 0F C1 B6 FF 
   857)     9532.5  Rx      0600  8  0A 66 01 00 00 40 00 00 
   858)     9533.6  Rx      0108  8  0F C8 0F C4 0F C0 7D A6 
   859)     9536.6  Rx      0109  8  0F C7 0F C3 0F BF 5D 02 
   860)     9539.4  Rx      0626  8  55 12 FE 7F AD 0C 00 00 
   861)     9539.6  Rx      010A  8  0F C6 0F C2 0F BE 9D AF 
   862)     9542.6  Rx      010B  8  0F C5 0F C1 0F C8 7B 9A 
   863)     9544.5  Rx      0618  8  00 01 00 64 90 13 73 00 
   864)     9545.6  Rx      010C  8  0F C4 0F C0 0F C7 7F B6 
   865)     9548.6  Rx      010D  8  0F C3 0F BF 0F C6 A7 F3 
   866)     9551.6  Rx      010E  8  0F C2 0F BE 0F C5 A6 DF 
   867)     9554.6  Rx      010F  8  0F C1 0F C8 0F C4 BC BB 
   868)     9557.6  Rx      0110  8  0F C0 00 00 00 00 F5 00 
   869)     9562.4  Rx      0628  8  10 04 6F 00 20 00 00 00 
   870)     9573.4  Rx      0626  8  B4 12 FE 7F B7 0C 00 00 
   871)     9607.4  Rx      0626  8  B2 12 FE 7F BF 0C 00 00 
   872)     9610.5  Rx      0610  8  07 00 BF 03 E2 03 73 00 
   873)     9615.6  Rx  1839F380  8  01 1A 21 1D 08 07 00 A9 
   874)     9634.5  Rx      0600  8  0A 66 01 00 00 40 00 00 
   875)     9641.4  Rx      0626  8  B4 12 FE 7F C8 0C 00 00 
   876)     9645.4  Rx      0618  8  00 01 00 64 91 13 75 00 
   877)     9675.4  Rx      0626  8  C4 12 FE 7F E0 0C 00 00 
   878)     9709.5  Rx      0626  8  BA 12 FE 7F E9 0C 00 00 
   879)     9711.4  Rx      0610  8  07 00 C6 03 EA 03 75 00 
   880)     9715.6  Rx  1839F380  8  01 1A 21 1D 08 07 00 A9 
   881)     9719.5  Rx      0615  8  24 00 56 00 00 00 00 00 
   882)     9736.5  Rx      0600  8  0A 66 01 00 00 40 00 00 
   883)     9743.5  Rx      0626  8  87 12 FE 7F EB 0C 00 00 
   884)     9746.4  Rx      0618  8  00 01 00 64 8D 13 74 00 
   885)     9777.5  Rx      0626  8  84 12 FE 7F F2 0C 00 00 
   886)     9811.4  Rx      0626  8  75 12 FE 7F F6 0C 00 00 
   887)     9812.4  Rx      0610  8  07 00 CD 03 F0 03 75 00 
   888)     9815.6  Rx  1839F380  8  01 1A 21 1D 08 07 00 A9 
   889)     9838.4  Rx      0600  8  0A 66 01 00 00 40 00 00 
   890)     9845.4  Rx      0626  8  80 12 FE 7F F2 0C 00 00 
   891)     9847.4  Rx      0618  8  00 01 00 64 87 13 76 00 
   892)     9879.4  Rx      0626  8  98 12 FE 7F F8 0C 00 00 
   893)     9913.4  Rx      0610  8  07 00 D3 03 F7 03 76 00 
   894)     9913.5  Rx      0626  8  AE 12 FE 7F 03 0D 00 00 
   895)     9915.6  Rx  1839F380  8  01 1A 21 1D 08 07 00 A9 
   896)     9940.5  Rx      0600  8  0A 66 01 00 00 40 00 00 
   897)     9947.4  Rx      0626  8  AB 12 FE 7F 08 0D 00 00 
   898)     9948.4  Rx      0618  8  00 01 00 64 88 13 77 00 
   899)     9981.5  Rx      0626  8  BE 12 FE 7F 24 0D 00 00 
   900)    10014.5  Rx      0610  8  07 00 D9 03 FD 03 77 00 
   901)    10015.4  Rx      0626  8  AA 12 FE 7F 28 0D 00 00 
   902)    10015.6  Rx  1839F380  8  01 1A 21 1D 08 07 00 A9 
   903)    10025.5  Rx      0615  8  25 00 56 00 00 00 00 00 
   904)    10042.5  Rx      0600  8  0A 66 01 00 00 40 00 00 
   905)    10049.5  Rx      0618  8  00 01 00 64 86 13 77 00 
   906)    10049.6  Rx      0626  8  A6 12 FE 7F 2C 0D 00 00 
   907)    10072.5  Rx      0625  8  00 00 00 00 32 00 00 00 
   908)    10083.5  Rx      0626  8  8D 12 FE 7F 32 0D 00 00 
   909)    10115.4  Rx      0610  8  07 00 E0 03 04 04 78 00 
   910)    10115.6  Rx  1839F380  8  01 1A 21 1D 08 07 00 A9 
   911)    10117.5  Rx      0626  8  80 12 FE 7F 2D 0D 00 00 
   912)    10144.5  Rx      0600  8  0A 66 01 00 00 40 00 00 
   913)    10150.5  Rx      0618  8  00 01 00 64 87 13 78 00 
   914)    10151.4  Rx      0626  8  A0 12 FE 7F 31 0D 00 00 
   915)    10185.4  Rx      0626  8  9A 12 FE 7F 3B 0D 00 00 
   916)    10215.6  Rx  1839F380  8  01 1A 21 1D 08 07 00 A9 
   917)    10216.5  Rx      0610  8  07 00 E5 03 0A 04 78 00 
   918)    10219.5  Rx      0626  8  A8 12 FE 7F 45 0D 00 00 
   919)    10246.4  Rx      0600  8  0A 66 01 00 00 40 00 00 
   920)    10251.4  Rx      0618  8  00 01 00 64 8E 13 7A 00 
   921)    10253.4  Rx      0626  8  B7 12 FE 7F 58 0D 00 00 
   922)    10287.5  Rx      0626  8  AE 12 FE 7F 60 0D 00 00 
   923)    10315.6  Rx  1839F380  8  01 1A 21 1D 08 07 00 A9 
   924)    10317.4  Rx      0610  8  07 00 EC 03 11 04 79 00 
   925)    10319.4  Rx      0628  8  10 04 6F 00 20 00 00 00 
   926)    10321.4  Rx      0626  8  8A 12 FE 7F 5E 0D 00 00 
   927)    10325.5  Rx      0615  8  24 00 56 00 00 00 00 00 
   928)    10348.4  Rx      0600  8  0A 66 01 00 00 40 00 00 
   929)    10352.4  Rx      0618  8  00 01 00 64 8A 13 78 00 
   930)    10355.4  Rx      0626  8  70 12 FE 7F 66 0D 00 00 
   931)    10357.5  Rx      0620  8  0C 19 00 00 81 02 00 00 
   932)    10386.3  Rx      0037  3  00 00 00 
   933)    10386.8  Rx      0030  8  07 40 00 04 00 00 00 37 
   934)    10389.5  Rx      0626  8  72 12 FE 7F 63 0D 00 00 
   935)    10415.6  Rx  1839F380  8  01 1A 21 1D 08 07 00 A9 
   936)    10418.5  Rx      0610  8  07 00 F2 03 17 04 7A 00 
   937)    10423.4  Rx      0626  8  BF 12 FE 7F 6A 0D 00 00 
   938)    10450.4  Rx      0600  8  0A 66 01 00 00 40 00 00 
   939)    10453.4  Rx      0618  8  00 01 00 64 89 13 7B 00 
   940)    10457.4  Rx      0626  8  A4 12 FE 7F 75 0D 00 00 
   941)    10491.5  Rx      0626  8  C0 12 FE 7F 89 0D 00 00 
   942)    10515.6  Rx  1839F380  8  01 1A 21 1D 08 07 00 A9 
   943)    10515.6  Rx      0100  8  2B FE FA 28 12 5C 9D 93 
   944)    10518.6  Rx      0101  8  13 88 00 17 00 5E 5B D3 
   945)    10519.4  Rx      0610  8  07 00 F7 03 1C 04 7A 00 
   946)    10521.6  Rx      0102  8  00 00 00 00 00 00 1B 00 
   947)    10524.6  Rx      0104  4  1C 03 71 49 
   948)    10525.4  Rx      0626  8  97 12 FE 7F 8E 0D 00 00 
   949)    10527.6  Rx      0105  8  0B B0 0B BA 0B A6 31 E4 
   950)    10530.6  Rx      0107  8  0F B1 0F B8 0F B4 48 FA 
   951)    10533.6  Rx      0108  8  0F BB 0F B7 0F B3 88 13 
   952)    10536.6  Rx      0109  8  0F BA 0F B6 0F B2 48 BE 
   953)    10539.6  Rx      010A  8  0F B9 0F B5 0F B1 49 4A 
   954)    10542.6  Rx      010B  8  0F B8 0F B4 0F BB 4E A6 
   955)    10545.6  Rx      010C  8  0F B7 0F B3 0F BA 4E 82 
   956)    10548.6  Rx      010D  8  0F B6 0F B2 0F B9 4F AE 
   957)    10551.6  Rx      010E  8  0F B5 0F B1 0F B8 8F DB 
   958)    10552.4  Rx      0600  8  0A 66 01 00 00 40 00 00 
   959)    10554.4  Rx      0618  8  00 01 00 64 8C 13 7A 00 
   960)    10554.6  Rx      010F  8  0F B4 0F BB 0F B7 49 86 
   961)    10557.6  Rx      0110  8  0F B3 00 00 00 00 3E 05 
   962)    10559.4  Rx      0626  8  88 12 FE 7F 90 0D 00 00 
   963)    10593.4  Rx      0626  8  95 12 FE 7F 8B 0D 00 00 
   964)    10615.6  Rx  1839F380  8  01 1A 21 1D 08 07 00 A9 
   965)    10620.5  Rx      0610  8  07 00 FD 03 23 04 7B 00 
   966)    10620.6  Rx      0615  8  24 00 56 00 00 00 00 00 
   967)    10627.4  Rx      0626  8  9D 12 FE 7F 91 0D 00 00 
   968)    10654.5  Rx      0600  8  0A 66 01 00 00 40 00 00 
   969)    10655.4  Rx      0618  8  00 01 00 64 8B 13 7B 00 
   970)    10661.5  Rx      0626  8  C3 12 FE 7F 94 0D 00 00 
   971)    10695.5  Rx      0626  8  BF 12 FE 7F B1 0D 00 00 
   972)    10715.6  Rx  1839F380  8  01 1A 21 1D 08 07 00 A9 
   973)    10721.4  Rx      0610  8  07 00 02 04 28 04 7C 00 
   974)    10729.4  Rx      0626  8  AE 12 FE 7F B3 0D 00 00 
   975)    10756.5  Rx      0600  8  0A 66 01 00 00 40 00 00 
   976)    10756.6  Rx      0618  8  00 01 00 64 83 13 7D 00 
   977)    10763.4  Rx      0626  8  97 12 FE 7F B3 0D 00 00 
   978)    10797.4  Rx      0626  8  7F 12 FE 7F B0 0D 00 00 
   979)    10815.6  Rx  1839F380  8  01 1A 21 1D 08 07 00 A9 
   980)    10822.4  Rx      0610  8  07 00 08 04 2E 04 7C 00 
   981)    10831.4  Rx      0626  8  A4 12 FE 7F B3 0D 00 00 
   982)    10857.4  Rx      0618  8  00 01 00 64 85 13 7C 00 
   983)    10858.4  Rx      0600  8  0A 66 01 00 00 40 00 00 
   984)    10865.4  Rx      0626  8  A7 12 FE 7F BD 0D 00 00 
   985)    10899.4  Rx      0626  8  BD 12 FE 7F D1 0D 00 00 
   986)    10912.5  Rx      0615  8  24 00 56 00 00 00 00 00 
   987)    10915.6  Rx  1839F380  8  01 1A 21 1D 08 07 00 A9 
   988)    10923.4  Rx      0610  8  07 00 0D 04 33 04 7D 00 
   989)    10933.5  Rx      0626  8  7D 12 FE 7F D6 0D 00 00 
   990)    10958.4  Rx      0618  8  00 01 00 64 88 13 7E 00 
   991)    10960.4  Rx      0600  8  0A 66 01 00 00 40 00 00 
   992)    10961.4  Rx      0625  8  00 00 00 00 32 00 00 00 
   993)    10967.4  Rx      0626  8  78 12 FE 7F DB 0D 00 00 
   994)    11001.4  Rx      0626  8  74 12 FE 7F D0 0D 00 00 
   995)    11015.6  Rx  1839F380  8  01 1A 21 1D 08 07 00 A9 
   996)    11024.4  Rx      0610  8  07 00 12 04 39 04 7E 00 
   997)    11035.5  Rx      0626  8  9D 12 FE 7F D9 0D 00 00 
   998)    11059.4  Rx      0618  8  00 01 00 64 7E 13 7D 00 
   999)    11062.5  Rx      0600  8  0A 66 01 00 00 40 00 00 
  1000)    11069.5  Rx      0626  8  BE 12 FE 7F DF 0D 00 00 
  1001)    11076.5  Rx      0628  8  0D 04 6F 00 20 00 00 00 
  1002)    11103.4  Rx      0626  8  BA 12 FE 7F F4 0D 00 00 
  1003)    11115.6  Rx  1839F380  8  01 1A 21 1D 08 07 00 A9 
  1004)    11125.4  Rx      0610  8  07 00 17 04 3D 04 7E 00 
  1005)    11137.5  Rx      0626  8  84 12 FE 7F F1 0D 00 00 
  1006)    11160.4  Rx      0618  8  00 01 00 64 82 13 7F 00 
  1007)    11164.4  Rx      0600  8  0A 66 01 00 00 40 00 00 
  1008)    11171.5  Rx      0626  8  92 12 FE 7F EC 0D 00 00 
  1009)    11197.5  Rx      0615  8  24 00 56 00 00 00 00 00 
  1010)    11205.5  Rx      0626  8  A3 12 FE 7F F2 0D 00 00 
  1011)    11215.6  Rx  1839F380  8  01 1A 21 1D 08 07 00 A9 
  1012)    11226.5  Rx      0610  8  07 00 1C 04 42 04 7F 00 
  1013)    11239.4  Rx      0626  8  A0 12 FE 7F F7 0D 00 00 
  1014)    11261.4  Rx      0618  8  00 01 00 64 85 13 80 00 
  1015)    11266.5  Rx      0600  8  0A 66 01 00 00 40 00 00 
  1016)    11273.4  Rx      0626  8  BD 12 FE 7F 0F 0E 00 00 
  1017)    11307.4  Rx      0626  8  7F 12 FE 7F 0D 0E 00 00 
  1018)    11315.6  Rx  1839F380  8  01 1A 21 1D 08 07 00 A9 
  1019)    11327.4  Rx      0610  8  07 00 20 04 47 04 7F 00 
  1020)    11341.5  Rx      0626  8  79 12 FE 7F 0A 0E 00 00 
  1021)    11358.4  Rx      0620  8  0C 19 00 00 81 02 00 00 
  1022)    11362.4  Rx      0618  8  00 01 00 64 82 13 7F 00 
  1023)    11368.4  Rx      0600  8  0A 66 01 00 00 40 00 00 
  1024)    11375.4  Rx      0626  8  AE 12 FE 7F 0F 0E 00 00 
  1025)    11409.4  Rx      0626  8  B6 12 FE 7F 15 0E 00 00 
  1026)    11415.6  Rx  1839F380  8  01 1A 21 1D 08 07 00 A9 
  1027)    11428.4  Rx      0610  8  07 00 25 04 4C 04 80 00 
  1028)    11443.5  Rx      0626  8  CA 12 FE 7F 2C 0E 00 00 
  1029)    11463.5  Rx      0618  8  00 01 00 64 83 13 81 00 
  1030)    11470.5  Rx      0600  8  0A 66 01 00 00 40 00 00 
  1031)    11477.4  Rx      0626  8  8E 12 FE 7F 2B 0E 00 00 
  1032)    11481.5  Rx      0615  8  25 00 56 00 00 00 00 00 
  1033)    11511.4  Rx      0626  8  76 12 FE 7F 22 0E 00 00 
  1034)    11515.6  Rx  1839F380  8  01 1A 21 1D 08 07 00 A9 
  1035)    11515.6  Rx      0100  8  2B FE FA B2 12 5C B2 B3 
  1036)    11518.6  Rx      0101  8  13 88 00 17 00 5E 5B D3 
  1037)    11521.6  Rx      0102  8  00 00 00 00 00 00 1B 00 
  1038)    11524.6  Rx      0104  4  1C 03 71 49 
  1039)    11527.6  Rx      0105  8  0B B0 0B BA 0B A6 31 E4 
  1040)    11529.5  Rx      0610  8  07 00 2A 04 51 04 80 00 
  1041)    11530.6  Rx      0107  8  0F B1 0F B8 0F B4 48 FA 
  1042)    11533.6  Rx      0108  8  0F BB 0F B7 0F B3 88 13 
  1043)    11536.6  Rx      0109  8  0F BA 0F B6 0F B2 48 BE 
  1044)    11539.6  Rx      010A  8  0F B9 0F B5 0F B1 49 4A 
  1045)    11542.6  Rx      010B  8  0F B8 0F B4 0F BB 4E A6 
  1046)    11545.4  Rx      0626  8  BC 12 FE 7F 26 0E 00 00 
  1047)    11545.6  Rx      010C  8  0F B7 0F B3 0F BA 4E 82 
  1048)    11548.6  Rx      010D  8  0F B6 0F B2 0F B9 4F AE 
  1049)    11551.6  Rx      010E  8  0F B5 0F B1 0F B8 8F DB 
  1050)    11554.6  Rx      010F  8  0F B4 0F BB 0F B7 49 86 
  1051)    11557.6  Rx      0110  8  0F B3 00 00 00 00 3E 05 
  1052)    11564.5  Rx      0618  8  00 01 00 64 86 13 80 00 
  1053)    11572.4  Rx      0600  8  0A 66 01 00 00 40 00 00 
  1054)    11579.4  Rx      0626  8  D4 12 FE 7F 43 0E 00 00 
  1055)    11613.4  Rx      0626  8  77 12 FE 7F 41 0E 00 00 
  1056)    11615.6  Rx  1839F380  8  01 1A 21 1D 08 07 00 A9 
  1057)    11630.4  Rx      0610  8  07 00 2E 04 55 04 81 00 
  1058)    11647.5  Rx      0626  8  89 12 FE 7F 43 0E 00 00 
  1059)    11665.4  Rx      0618  8  00 01 00 64 8D 13 82 00 
  1060)    11674.4  Rx      0600  8  0A 66 01 00 00 40 00 00 
  1061)    11681.4  Rx      0626  8  8B 12 FE 7F 3A 0E 00 00 
  1062)    11715.4  Rx      0626  8  AE 12 FE 7F 46 0E 00 00 
  1063)    11715.6  Rx  1839F380  8  01 1A 21 1D 08 07 00 A9 
  1064)    11731.5  Rx      0610  8  07 00 33 04 5A 04 81 00 
  1065)    11749.5  Rx      0626  8  B0 12 FE 7F 56 0E 00 00 
  1066)    11760.5  Rx      0615  8  24 00 56 00 00 00 00 00 
  1067)    11766.4  Rx      0618  8  00 01 00 64 88 13 81 00 
  1068)    11776.4  Rx      0600  8  0A 66 01 00 00 40 00 00 
  1069)    11783.4  Rx      0626  8  7E 12 FE 7F 59 0E 00 00 
  1070)    11815.6  Rx  1839F380  8  01 1A 21 1D 08 07 00 A9 
  1071)    11817.4  Rx      0626  8  88 12 FE 7F 4F 0E 00 00 
  1072)    11832.4  Rx      0610  8  07 00 37 04 5E 04 82 00 
  1073)    11833.4  Rx      0628  8  07 04 6F 00 20 00 00 00 
  1074)    11850.4  Rx      0625  8  00 00 00 00 32 00 00 00 
  1075)    11851.4  Rx      0626  8  BA 12 FE 7F 56 0E 00 00 
  1076)    11867.4  Rx      0618  8  00 01 00 64 88 13 81 00 
  1077)    11878.4  Rx      0600  8  0A 66 01 00 00 40 00 00 
  1078)    11885.4  Rx      0626  8  B2 12 FE 7F 5C 0E 00 00 
  1079)    11915.6  Rx  1839F380  8  01 1A 21 1D 08 07 00 A9 
  1080)    11919.4  Rx      0626  8  9C 12 FE 7F 6F 0E 00 00 
  1081)    11933.4  Rx      0610  8  07 00 3B 04 63 04 82 00 
  1082)    11953.4  Rx      0626  8  96 12 FE 7F 6A 0E 00 00 
  1083)    11968.4  Rx      0618  8  00 01 00 64 85 13 85 00 
  1084)    11980.5  Rx      0600  8  0A 66 01 00 00 40 00 00 
  1085)    11987.4  Rx      0626  8  96 12 FE 7F 68 0E 00 00 
  1086)    12015.6  Rx  1839F380  8  01 1A 21 1D 08 07 00 A9 
  1087)    12021.4  Rx      0626  8  D7 12 FE 7F 6F 0E 00 00 
  1088)    12034.4  Rx      0610  8  07 00 3F 04 67 04 84 00 
  1089)    12036.5  Rx      0615  8  24 00 56 00 00 00 00 00 
  1090)    12055.5  Rx      0626  8  ED 12 FE 7F 86 0E 00 00 
  1091)    12069.4  Rx      0618  8  00 01 00 64 85 13 84 00 
  1092)    12082.5  Rx      0600  8  0A 66 01 00 00 40 00 00 
  1093)    12089.4  Rx      0626  8  9C 12 FE 7F 83 0E 00 00 
  1094)    12115.6  Rx  1839F380  8  01 1A 21 1D 08 07 00 A9 
  1095)    12123.5  Rx      0626  8  A8 12 FE 7F 78 0E 00 00 
  1096)    12135.5  Rx      0610  8  07 00 43 04 6C 04 84 00 
  1097)    12157.5  Rx      0626  8  D0 12 FE 7F 81 0E 00 00 
  1098)    12170.4  Rx      0618  8  00 01 00 64 85 13 84 00 
  1099)    12184.4  Rx      0600  8  0A 66 01 00 00 40 00 00 
  1100)    12191.5  Rx      0626  8  0B 13 FE 7F 98 0E 00 00 
  1101)    12215.6  Rx  1839F380  8  01 1A 21 1D 08 07 00 A9 
  1102)    12225.5  Rx      0626  8  BD 12 FE 7F 96 0E 00 00 
  1103)    12236.4  Rx      0610  8  07 00 48 04 70 04 85 00 
  1104)    12259.4  Rx      0626  8  E3 12 FE 7F 92 0E 00 00 
  1105)    12271.5  Rx      0618  8  00 01 00 64 85 13 8C 00 
  1106)    12286.4  Rx      0600  8  0A 66 01 00 00 40 00 00 
  1107)    12293.4  Rx      0626  8  B8 13 FE 7F 97 0E 00 00 
  1108)    12310.5  Rx      0615  8  25 00 56 00 00 00 00 00 
  1109)    12315.6  Rx  1839F380  8  01 1A 21 1D 08 07 00 A9 
  1110)    12327.5  Rx      0626  8  16 14 FE 7F B5 0E 00 00 
  1111)    12337.5  Rx      0610  8  07 00 4E 04 77 04 8B 00 
  1112)    12359.5  Rx      0620  8  0C 19 00 00 81 02 00 00 
  1113)    12361.5  Rx      0626  8  F0 13 FE 7F BC 0E 00 00 
  1114)    12372.4  Rx      0618  8  00 01 00 64 7F 13 92 00 
  1115)    12387.0  Rx      0037  3  00 00 00 
  1116)    12387.6  Rx      0030  8  07 40 00 04 00 00 00 38 
  1117)    12388.4  Rx      0600  8  0A 66 01 00 00 40 00 00 
  1118)    12395.4  Rx      0626  8  21 14 FE 7F B7 0E 00 00 
  1119)    12415.6  Rx  1839F380  8  01 1A 21 1D 08 07 00 A9 
  1120)    12429.5  Rx      0626  8  90 14 FE 7F C7 0E 00 00 
  1121)    12438.4  Rx      0610  8  07 00 57 04 80 04 91 00 
  1122)    12463.5  Rx      0626  8  B0 14 FE 7F E1 0E 00 00 
  1123)    12473.4  Rx      0618  8  00 01 00 64 80 13 94 00 
  1124)    12490.5  Rx      0600  8  0A 66 01 00 00 40 00 00 
  1125)    12497.5  Rx      0626  8  8B 14 FE 7F E7 0E 00 00 
  1126)    12515.6  Rx  1839F380  8  01 1A 21 1D 08 07 00 A9 
  1127)    12515.6  Rx      0100  8  2B FE FB 46 12 5C BC F3 
  1128)    12518.6  Rx      0101  8  13 88 00 17 00 5E 5B D3 
  1129)    12521.6  Rx      0102  8  00 00 00 00 02 00 7B 01 
  1130)    12524.6  Rx      0104  4  1C 03 71 49 
  1131)    12527.6  Rx      0105  8  0B B0 0B BA 0B A6 31 E4 
  1132)    12530.6  Rx      0107  8  0F B1 0F B8 0F B4 48 FA 
  1133)    12531.4  Rx      0626  8  D1 14 FE 7F E8 0E 00 00 
  1134)    12533.6  Rx      0108  8  0F BB 0F B7 0F B3 88 13 
  1135)    12536.6  Rx      0109  8  0F BA 0F B6 0F B2 48 BE 
  1136)    12539.4  Rx      0610  8  08 00 61 04 8A 04 96 00 
  1137)    12539.6  Rx      010A  8  0F B9 0F B5 0F B1 49 4A 
  1138)    12542.6  Rx      010B  8  0F B8 0F B4 0F BB 4E A6 
  1139)    12545.6  Rx      010C  8  0F B7 0F B3 0F BA 4E 82 
  1140)    12548.6  Rx      010D  8  0F B6 0F B2 0F B9 4F AE 
  1141)    12551.6  Rx      010E  8  0F B5 0F B1 0F B8 8F DB 
  1142)    12554.6  Rx      010F  8  0F B4 0F BB 0F B7 49 86 
  1143)    12557.6  Rx      0110  8  0F B3 00 00 00 00 3E 05 
  1144)    12565.4  Rx      0626  8  6C 15 FE 7F F8 0E 00 00 
  1145)    12574.4  Rx      0618  8  00 01 00 64 85 13 9A 00 
  1146)    12578.5  Rx      0615  8  28 00 56 00 00 00 00 00 
  1147)    12590.4  Rx      0628  8  0A 04 6F 00 20 00 00 00 
  1148)    12592.4  Rx      0600  8  0A 66 01 00 00 40 00 00 
  1149)    12599.4  Rx      0626  8  2F 15 FE 7F 17 0F 00 00 
  1150)    12615.6  Rx  1839F380  8  01 1A 21 1D 08 07 00 A9 
  1151)    12633.5  Rx      0626  8  38 15 FE 7F 15 0F 00 00 
  1152)    12640.4  Rx      0610  8  08 00 6D 04 97 04 9B 00 
  1153)    12667.4  Rx      0626  8  8E 15 FE 7F 24 0F 00 00 
  1154)    12675.4  Rx      0618  8  00 01 00 64 86 13 A0 00 
  1155)    12694.5  Rx      0600  8  0A 66 01 00 00 40 00 00 
  1156)    12701.4  Rx      0626  8  8E 15 FE 7F 47 0F 00 00 
  1157)    12715.6  Rx  1839F380  8  01 1A 21 1D 08 07 00 A9 
  1158)    12735.4  Rx      0626  8  4A 15 FE 7F 4D 0F 00 00 
  1159)    12739.3  Rx      0625  8  00 00 00 00 32 00 00 00 
  1160)    12741.4  Rx      0610  8  08 00 7B 04 A5 04 9F 00 
  1161)    12769.4  Rx      0626  8  A4 15 FE 7F 56 0F 00 00 
  1162)    12776.4  Rx      0618  8  00 01 00 64 7C 13 A3 00 
  1163)    12796.4  Rx      0600  8  0A 66 01 00 00 40 00 00 
  1164)    12803.4  Rx      0626  8  BA 15 FE 7F 75 0F 00 00 
  1165)    12815.6  Rx  1839F380  8  01 1A 21 1D 08 07 00 A9 
  1166)    12837.4  Rx      0626  8  5C 15 FE 7F 7F 0F 00 00 
  1167)    12839.4  Rx      0615  8  2A 00 56 00 00 00 00 00 
  1168)    12842.4  Rx      0610  8  08 00 88 04 B2 04 A1 00 
  1169)    12871.4  Rx      0626  8  AB 15 FE 7F 7D 0F 00 00 
  1170)    12877.5  Rx      0618  8  00 01 00 64 79 13 A5 00 
  1171)    12898.5  Rx      0600  8  0A 66 01 00 00 40 00 00 
  1172)    12905.4  Rx      0626  8  B0 15 FE 7F A2 0F 00 00 
  1173)    12915.6  Rx  1839F380  8  01 1A 21 1D 08 07 00 A9 
  1174)    12939.4  Rx      0626  8  68 15 FE 7F AC 0F 00 00 
  1175)    12943.5  Rx      0610  8  08 00 95 04 C0 04 A3 00 
  1176)    12973.5  Rx      0626  8  97 15 FE 7F AD 0F 00 00 
  1177)    12978.5  Rx      0618  8  00 01 00 64 7B 13 A6 00 
  1178)    13000.5  Rx      0600  8  0A 66 01 00 00 40 00 00 
  1179)    13007.4  Rx      0626  8  BB 15 FE 7F CD 0F 00 00 
  1180)    13015.6  Rx  1839F380  8  01 1A 21 1D 08 07 00 A9 
  1181)    13041.5  Rx      0626  8  62 15 FE 7F D4 0F 00 00 
  1182)    13044.4  Rx      0610  8  08 00 A2 04 CE 04 A5 00 
  1183)    13075.5  Rx      0626  8  84 15 FE 7F DB 0F 00 00 
  1184)    13079.4  Rx      0618  8  00 01 00 64 7B 13 A9 00 
  1185)    13092.5  Rx      0615  8  2A 00 56 00 00 00 00 00 
  1186)    13102.5  Rx      0600  8  0A 66 01 00 00 40 00 00 
  1187)    13109.4  Rx      0626  8  A6 15 FE 7F FA 0F 00 00 
  1188)    13115.6  Rx  1839F380  8  01 1A 21 1D 08 07 00 A9 
  1189)    13143.4  Rx      0626  8  67 15 FE 7F F8 0F 00 00 
  1190)    13145.5  Rx      0610  8  08 00 AF 04 DB 04 A7 00 
  1191)    13177.5  Rx      0626  8  AA 15 FE 7F 05 10 00 00 
  1192)    13180.4  Rx      0618  8  00 01 00 64 78 13 AB 00 
  1193)    13204.4  Rx      0600  8  0A 66 01 00 00 40 00 00 
  1194)    13211.5  Rx      0626  8  66 15 FE 7F 21 10 00 00 
  1195)    13215.6  Rx  1839F380  8  01 1A 21 1D 08 07 00 A9 
  1196)    13245.4  Rx      0626  8  7A 15 FE 7F 21 10 00 00 
  1197)    13246.5  Rx      0610  8  08 00 BC 04 E8 04 A9 00 
  1198)    13279.5  Rx      0626  8  C7 15 FE 7F 40 10 00 00 
  1199)    13281.5  Rx      0618  8  00 01 00 64 7A 13 AC 00 
  1200)    13306.5  Rx      0600  8  0A 66 01 00 00 40 00 00 
  1201)    13313.4  Rx      0626  8  5A 15 FE 7F 4B 10 00 00 
  1202)    13315.6  Rx  1839F380  8  01 1A 21 1D 08 07 00 A9 
  1203)    13338.5  Rx      0615  8  29 00 56 00 00 00 00 00 
  1204)    13347.4  Rx      0610  8  08 00 C8 04 F5 04 AA 00 
  1205)    13347.5  Rx      0626  8  A7 15 FE 7F 4C 10 00 00 
  1206)    13347.7  Rx      0628  8  0A 04 6F 00 20 00 00 00 
  1207)    13360.4  Rx      0620  8  0D 19 00 00 81 02 00 00 
  1208)    13381.4  Rx      0626  8  61 15 FE 7F 6A 10 00 00 
  1209)    13382.4  Rx      0618  8  00 01 00 64 75 13 AB 00 
  1210)    13408.4  Rx      0600  8  0A 66 01 00 00 40 00 00 
  1211)    13415.4  Rx      0626  8  59 15 FE 7F 68 10 00 00 
  1212)    13415.6  Rx  1839F380  8  01 1A 21 1D 08 07 00 A9 
  1213)    13448.4  Rx      0610  8  08 00 D4 04 01 05 AC 00 
  1214)    13449.4  Rx      0626  8  F3 15 FE 7F 8B 10 00 00 
  1215)    13483.5  Rx      0618  8  00 01 00 64 7B 13 AD 00 
  1216)    13483.6  Rx      0626  8  69 15 FE 7F 8D 10 00 00 
  1217)    13510.5  Rx      0600  8  0A 66 01 00 00 40 00 00 
  1218)    13515.6  Rx  1839F380  8  01 1A 21 1D 08 07 00 A9 
  1219)    13515.6  Rx      0100  8  2B FE FB DB 12 5C 52 62 
  1220)    13517.4  Rx      0626  8  A9 15 FE 7F 8E 10 00 00 
  1221)    13518.6  Rx      0101  8  13 88 00 17 00 5E 5B D3 
  1222)    13521.6  Rx      0102  8  00 00 00 00 02 00 7B 01 
  1223)    13524.6  Rx      0104  4  1C 03 71 49 
  1224)    13527.6  Rx      0105  8  0B B0 0B BA 0B A6 31 E4 
  1225)    13530.6  Rx      0107  8  0F B1 0F B8 0F B4 48 FA 
  1226)    13533.6  Rx      0108  8  0F BB 0F B7 0F B3 88 13 
  1227)    13536.6  Rx      0109  8  0F BA 0F B6 0F B2 48 BE 
  1228)    13539.6  Rx      010A  8  0F B9 0F B5 0F B1 49 4A 
  1229)    13542.6  Rx      010B  8  0F B8 0F B4 0F BB 4E A6 
  1230)    13545.6  Rx      010C  8  0F B7 0F B3 0F BA 4E 82 
  1231)    13548.6  Rx      010D  8  0F B6 0F B2 0F B9 4F AE 
  1232)    13549.4  Rx      0610  8  08 00 E0 04 0E 05 AE 00 
  1233)    13551.4  Rx      0626  8  68 15 FE 7F A8 10 00 00 
  1234)    13551.6  Rx      010E  8  0F B5 0F B1 0F B8 8F DB 
  1235)    13554.6  Rx      010F  8  0F B4 0F BB 0F B7 49 86 
  1236)    13557.6  Rx      0110  8  0F B3 00 00 00 00 3E 05 
  1237)    13579.5  Rx      0615  8  2A 00 56 00 00 00 00 00 
  1238)    13584.4  Rx      0618  8  00 01 00 64 7F 13 AE 00 
  1239)    13585.4  Rx      0626  8  7D 15 FE 7F AA 10 00 00 
  1240)    13612.5  Rx      0600  8  0A 66 01 00 00 40 00 00 
  1241)    13615.6  Rx  1839F380  8  01 1A 21 1D 08 07 00 A9 
  1242)    13619.4  Rx      0626  8  CF 15 FE 7F CA 10 00 00 
  1243)    13628.4  Rx      0625  8  00 00 00 00 32 00 00 00 
  1244)    13650.4  Rx      0610  8  08 00 EC 04 1A 05 AF 00 
  1245)    13653.4  Rx      0626  8  4B 15 FE 7F C3 10 00 00 
  1246)    13685.4  Rx      0618  8  00 01 00 64 76 13 B2 00 
  1247)    13687.4  Rx      0626  8  C5 15 FE 7F E4 10 00 00 
  1248)    13714.4  Rx      0600  8  0A 66 01 00 00 40 00 00 
  1249)    13715.6  Rx  1839F380  8  01 1A 21 1D 08 07 00 A9 
  1250)    13721.5  Rx      0626  8  39 15 FE 7F E8 10 00 00 
  1251)    13751.5  Rx      0610  8  08 00 F7 04 25 05 B1 00 
  1252)    13755.4  Rx      0626  8  9D 15 FE 7F EE 10 00 00 
  1253)    13786.4  Rx      0618  8  00 01 00 64 79 13 B1 00 
  1254)    13789.4  Rx      0626  8  61 15 FE 7F 04 11 00 00 
  1255)    13815.5  Rx      0615  8  2A 00 56 00 00 00 00 00 
  1256)    13815.6  Rx  1839F380  8  01 1A 21 1D 08 07 00 A9 
  1257)    13816.4  Rx      0600  8  0A 66 01 00 00 40 00 00 
  1258)    13823.4  Rx      0626  8  A6 15 FE 7F 02 11 00 00 
  1259)    13852.4  Rx      0610  8  08 00 02 05 31 05 B2 00 
  1260)    13857.4  Rx      0626  8  6B 15 FE 7F 1F 11 00 00 
  1261)    13887.4  Rx      0618  8  00 01 00 64 7D 13 B3 00 
  1262)    13891.4  Rx      0626  8  97 15 FE 7F 22 11 00 00 
  1263)    13915.6  Rx  1839F380  8  01 1A 21 1D 08 07 00 A9 
  1264)    13918.5  Rx      0600  8  0A 66 01 00 00 40 00 00 
  1265)    13925.4  Rx      0626  8  D1 15 FE 7F 3A 11 00 00 
  1266)    13953.4  Rx      0610  8  08 00 0D 05 3C 05 B4 00 
  1267)    13959.4  Rx      0626  8  47 15 FE 7F 35 11 00 00 
  1268)    13988.3  Rx      0618  8  00 01 00 64 6E 13 B6 00 
  1269)    13993.4  Rx      0626  8  D2 15 FE 7F 57 11 00 00 
  1270)    14015.6  Rx  1839F380  8  01 1A 21 1D 08 07 00 A9 
  1271)    14020.4  Rx      0600  8  0A 66 01 00 00 40 00 00 
  1272)    14027.4  Rx      0626  8  48 15 FE 7F 4E 11 00 00 
  1273)    14046.4  Rx      0615  8  2A 00 56 00 00 00 00 00 
  1274)    14054.4  Rx      0610  8  08 00 17 05 47 05 B5 00 
  1275)    14061.4  Rx      0626  8  C9 15 FE 7F 68 11 00 00 
  1276)    14089.4  Rx      0618  8  00 01 00 64 82 13 B6 00 
  1277)    14095.4  Rx      0626  8  42 15 FE 7F 64 11 00 00 
  1278)    14104.4  Rx      0628  8  0D 04 6F 00 20 00 00 00 
  1279)    14115.6  Rx  1839F380  8  01 1A 21 1D 08 07 00 A9 
  1280)    14122.4  Rx      0600  8  0A 66 01 00 00 40 00 00 
  1281)    14129.4  Rx      0626  8  C6 15 FE 7F 83 11 00 00 
  1282)    14155.4  Rx      0610  8  08 00 22 05 52 05 B7 00 
  1283)    14163.4  Rx      0626  8  2F 15 FE 7F 7C 11 00 00 
  1284)    14190.4  Rx      0618  8  00 01 00 64 71 13 BA 00 
  1285)    14197.4  Rx      0626  8  B9 15 FE 7F 98 11 00 00 
  1286)    14215.6  Rx  1839F380  8  01 1A 21 1D 08 07 00 A9 
  1287)    14224.4  Rx      0600  8  0A 66 01 00 00 40 00 00 
  1288)    14231.4  Rx      0626  8  3C 15 FE 7F 96 11 00 00 
  1289)    14256.4  Rx      0610  8  08 00 2C 05 5D 05 B8 00 
  1290)    14265.4  Rx      0626  8  E4 15 FE 7F B5 11 00 00 
  1291)    14273.4  Rx      0615  8  2A 00 56 00 00 00 00 00 
  1292)    14291.3  Rx      0618  8  00 01 00 64 77 13 B8 00 
  1293)    14299.4  Rx      0626  8  5A 15 FE 7F AB 11 00 00 
  1294)    14315.6  Rx  1839F380  8  01 1A 21 1D 08 07 00 A9 
  1295)    14326.3  Rx      0600  8  0A 66 01 00 00 40 00 00 
  1296)    14333.4  Rx      0626  8  D0 15 FE 7F C9 11 00 00 
  1297)    14357.4  Rx      0610  8  08 00 37 05 68 05 BA 00 
  1298)    14361.4  Rx      0620  8  0D 19 00 00 81 02 00 00 
  1299)    14367.4  Rx      0626  8  5C 15 FE 7F C9 11 00 00 
  1300)    14388.4  Rx      0037  3  00 00 00 
  1301)    14388.8  Rx      0030  8  07 40 00 04 00 00 00 39 
  1302)    14392.4  Rx      0618  8  00 01 00 64 6B 13 BC 00 
  1303)    14401.4  Rx      0626  8  CE 15 FE 7F E2 11 00 00 
  1304)    14415.6  Rx  1839F380  8  01 1A 21 1D 08 07 00 A9 
  1305)    14428.4  Rx      0600  8  0A 66 01 00 00 40 00 00 
  1306)    14435.4  Rx      0626  8  7A 15 FE 7F DD 11 00 00 
  1307)    14458.4  Rx      0610  8  08 00 42 05 73 05 BB 00 
  1308)    14469.4  Rx      0626  8  7D 15 FE 7F FB 11 00 00 
  1309)    14493.4  Rx      0618  8  00 01 00 64 7A 13 BB 00 
  1310)    14497.4  Rx      0615  8  29 00 56 00 00 00 00 00 
  1311)    14503.4  Rx      0626  8  97 15 FE 7F F6 11 00 00 
  1312)    14515.6  Rx  1839F380  8  01 1A 21 1D 08 07 00 A9 
  1313)    14515.6  Rx      0100  8  2B FE FC 67 12 5C C2 A2 
  1314)    14517.4  Rx      0625  8  00 00 00 00 32 00 00 00 
  1315)    14518.6  Rx      0101  8  13 88 00 17 00 5E 5B D3 
  1316)    14521.6  Rx      0102  8  00 00 00 00 02 00 7B 01 
  1317)    14524.6  Rx      0104  4  1C 03 71 49 
  1318)    14527.6  Rx      0105  8  0B B0 0B BA 0B A6 31 E4 
  1319)    14530.4  Rx      0600  8  0A 66 01 00 00 40 00 00 
  1320)    14530.6  Rx      0107  8  0F B1 0F B8 0F B4 48 FA 
  1321)    14533.6  Rx      0108  8  0F BB 0F B7 0F B3 88 13 
  1322)    14536.6  Rx      0109  8  0F BA 0F B6 0F B2 48 BE 
  1323)    14537.4  Rx      0626  8  6A 15 FE 7F 11 12 00 00 
  1324)    14539.6  Rx      010A  8  0F B9 0F B5 0F B1 49 4A 
  1325)    14542.6  Rx      010B  8  0F B8 0F B4 0F BB 4E A6 
  1326)    14545.6  Rx      010C  8  0F B7 0F B3 0F BA 4E 82 
  1327)    14548.6  Rx      010D  8  0F B6 0F B2 0F B9 4F AE 
  1328)    14551.6  Rx      010E  8  0F B5 0F B1 0F B8 8F DB 
  1329)    14554.6  Rx      010F  8  0F B4 0F BB 0F B7 49 86 
  1330)    14557.6  Rx      0110  8  0F B3 00 00 00 00 3E 05 
  1331)    14559.4  Rx      0610  8  08 00 4C 05 7E 05 BC 00 
  1332)    14571.4  Rx      0626  8  7E 15 FE 7F 11 12 00 00 
  1333)    14594.4  Rx      0618  8  00 01 00 64 6E 13 BF 00 
  1334)    14605.4  Rx      0626  8  58 15 FE 7F 26 12 00 00 
  1335)    14615.6  Rx  1839F380  8  01 1A 21 1D 08 07 00 A9 
  1336)    14632.4  Rx      0600  8  0A 66 01 00 00 40 00 00 
  1337)    14639.3  Rx      0626  8  8F 15 FE 7F 27 12 00 00 
  1338)    14660.4  Rx      0610  8  08 00 56 05 88 05 BE 00 
  1339)    14673.4  Rx      0626  8  46 15 FE 7F 34 12 00 00 
  1340)    14695.4  Rx      0618  8  00 01 00 64 7D 13 BF 00 
  1341)    14707.4  Rx      0626  8  F1 15 FE 7F 4F 12 00 00 
  1342)    14715.6  Rx  1839F380  8  01 1A 21 1D 08 07 00 A9 
  1343)    14716.4  Rx      0615  8  2A 00 56 00 00 00 00 00 
  1344)    14734.4  Rx      0600  8  0A 66 01 00 00 40 00 00 
  1345)    14741.4  Rx      0626  8  32 15 FE 7F 48 12 00 00 
  1346)    14761.3  Rx      0610  8  08 00 61 05 93 05 BF 00 
  1347)    14775.3  Rx      0626  8  57 15 FE 7F 6A 12 00 00 
  1348)    14796.4  Rx      0618  8  00 01 00 64 73 13 C5 00 
  1349)    14809.4  Rx      0626  8  B0 15 FE 7F 61 12 00 00 
  1350)    14815.6  Rx  1839F380  8  01 1A 21 1D 08 07 00 A9 
  1351)    14836.4  Rx      0600  8  0A 66 01 00 00 40 00 00 
  1352)    14843.4  Rx      0626  8  47 15 FE 7F 75 12 00 00 
  1353)    14861.4  Rx      0628  8  0A 04 6F 00 21 00 00 00 
  1354)    14862.4  Rx      0610  8  08 00 6B 05 9E 05 C1 00 
  1355)    14877.4  Rx      0626  8  A4 15 FE 7F 77 12 00 00 
  1356)    14897.4  Rx      0618  8  00 01 00 64 70 13 C3 00 
  1357)    14911.4  Rx      0626  8  49 15 FE 7F 83 12 00 00 
  1358)    14915.6  Rx  1839F380  8  01 1A 21 1D 08 07 00 A9 
  1359)    14932.4  Rx      0615  8  2A 00 56 00 00 00 00 00 
  1360)    14938.4  Rx      0600  8  0A 66 01 00 00 40 00 00 
  1361)    14945.3  Rx      0626  8  E4 15 FE 7F 9D 12 00 00 
  1362)    14963.4  Rx      0610  8  08 00 74 05 A8 05 C2 00 
  1363)    14979.4  Rx      0626  8  3A 15 FE 7F 98 12 00 00 
  1364)    14998.4  Rx      0618  8  00 01 00 64 7B 13 C2 00 
  1365)    15013.4  Rx      0626  8  7A 15 FE 7F B2 12 00 00 
  1366)    15015.6  Rx  1839F380  8  01 1B 22 1E 08 07 00 AC 
  1367)    15040.3  Rx      0600  8  0A 66 01 00 00 40 00 00 
  1368)    15047.4  Rx      0626  8  A4 15 FE 7F AD 12 00 00 
  1369)    15064.4  Rx      0610  8  08 00 7F 05 B2 05 C3 00 
  1370)    15081.3  Rx      0626  8  50 15 FE 7F C5 12 00 00 
  1371)    15099.4  Rx      0618  8  00 01 00 64 79 13 C3 00 
  1372)    15115.4  Rx      0626  8  EF 15 FE 7F D0 12 00 00 
  1373)    15115.6  Rx  1839F380  8  01 1B 22 1E 08 07 00 AC 
  1374)    15142.4  Rx      0600  8  0A 66 01 00 00 40 00 00 
  1375)    15144.4  Rx      0615  8  29 00 56 00 00 00 00 00 
  1376)    15149.4  Rx      0626  8  36 15 FE 7F CC 12 00 00 
  1377)    15165.4  Rx      0610  8  08 00 88 05 BB 05 C5 00 
  1378)    15183.4  Rx      0626  8  47 15 FE 7F E1 12 00 00 
  1379)    15200.4  Rx      0618  8  00 01 00 64 74 13 C9 00 
  1380)    15215.6  Rx  1839F380  8  01 1B 22 1E 08 07 00 AC 
  1381)    15217.4  Rx      0626  8  93 15 FE 7F E1 12 00 00 
  1382)    15244.4  Rx      0600  8  0A 66 01 00 00 40 00 00 
  1383)    15251.3  Rx      0626  8  50 15 FE 7F E8 12 00 00 
  1384)    15266.4  Rx      0610  8  08 00 90 05 C4 05 C6 00 
  1385)    15285.3  Rx      0626  8  E3 15 FE 7F 09 13 00 00 
  1386)    15301.4  Rx      0618  8  00 01 00 64 6A 13 C9 00 
  1387)    15315.6  Rx  1839F380  8  01 1B 22 1E 08 07 00 AC 
  1388)    15319.4  Rx      0626  8  A9 15 FE 7F FD 12 00 00 
  1389)    15346.4  Rx      0600  8  0A 66 01 00 00 40 00 00 
  1390)    15353.3  Rx      0626  8  54 15 FE 7F 15 13 00 00 
  1391)    15354.4  Rx      0615  8  2A 00 56 00 00 00 00 00 
  1392)    15362.4  Rx      0620  8  0E 19 00 00 81 02 00 00 
  1393)    15367.3  Rx      0610  8  08 00 99 05 CD 05 C7 00 
  1394)    15387.4  Rx      0626  8  FC 15 FE 7F 26 13 00 00 
  1395)    15402.4  Rx      0618  8  00 01 00 64 66 13 C9 00 
  1396)    15406.4  Rx      0625  8  00 00 00 00 32 00 00 00 
  1397)    15415.6  Rx  1839F380  8  01 1B 22 1E 08 07 00 AC 
  1398)    15421.4  Rx      0626  8  5B 15 FE 7F 1B 13 00 00 
  1399)    15448.3  Rx      0600  8  0A 66 01 00 00 40 00 00 
  1400)    15455.4  Rx      0626  8  54 15 FE 7F 31 13 00 00 
  1401)    15468.4  Rx      0610  8  08 00 A2 05 D7 05 C8 00 
  1402)    15489.4  Rx      0626  8  FF 15 FE 7F 31 13 00 00 
  1403)    15503.4  Rx      0618  8  00 01 00 64 6D 13 C7 00 
  1404)    15515.6  Rx  1839F380  8  01 1B 22 1E 08 07 00 AC 
  1405)    15515.6  Rx      0100  8  2B FE FC E2 12 5C 2B B3 
  1406)    15518.6  Rx      0101  8  13 88 00 17 00 5E 5B D3 
  1407)    15521.6  Rx      0102  8  00 00 00 00 02 00 7B 01 
  1408)    15523.4  Rx      0626  8  37 15 FE 7F 3E 13 00 00 
  1409)    15524.6  Rx      0104  4  1C 03 71 49 
  1410)    15527.6  Rx      0105  8  0B B0 0B BA 0B A6 31 E4 
  1411)    15530.6  Rx      0107  8  0F B1 0F B8 0F B4 48 FA 
  1412)    15533.6  Rx      0108  8  0F BB 0F B7 0F B3 88 13 
  1413)    15536.6  Rx      0109  8  0F BA 0F B6 0F B2 48 BE 
  1414)    15539.6  Rx      010A  8  0F B9 0F B5 0F B1 49 4A 
  1415)    15542.6  Rx      010B  8  0F B8 0F B4 0F BB 4E A6 
  1416)    15545.6  Rx      010C  8  0F B7 0F B3 0F BA 4E 82 
  1417)    15548.6  Rx      010D  8  0F B6 0F B2 0F B9 4F AE 
  1418)    15550.4  Rx      0600  8  0A 66 01 00 00 40 00 00 
  1419)    15551.6  Rx      010E  8  0F B5 0F B1 0F B8 8F DB 
  1420)    15554.6  Rx      010F  8  0F B4 0F BB 0F B7 49 86 
  1421)    15557.3  Rx      0626  8  71 15 FE 7F 53 13 00 00 
  1422)    15557.6  Rx      0110  8  0F B3 00 00 00 00 3E 05 
  1423)    15561.4  Rx      0615  8  2A 00 56 00 00 00 00 00 
  1424)    15569.4  Rx      0610  8  08 00 AB 05 E0 05 C9 00 
  1425)    15591.4  Rx      0626  8  7D 15 FE 7F 4F 13 00 00 
  1426)    15604.4  Rx      0618  8  00 01 00 64 72 13 C9 00 
  1427)    15615.6  Rx  1839F380  8  01 1B 22 1E 08 07 00 AC 
  1428)    15618.4  Rx      0628  8  0D 04 6F 00 20 00 00 00 
  1429)    15625.4  Rx      0626  8  30 15 FE 7F 5A 13 00 00 
  1430)    15652.3  Rx      0600  8  0A 66 01 00 00 40 00 00 
  1431)    15659.3  Rx      0626  8  70 15 FE 7F 74 13 00 00 
  1432)    15670.4  Rx      0610  8  08 00 B3 05 E9 05 CA 00 
  1433)    15693.4  Rx      0626  8  8F 15 FE 7F 6C 13 00 00 
  1434)    15705.3  Rx      0618  8  00 01 00 64 72 13 CA 00 
  1435)    15715.6  Rx  1839F380  8  01 1B 22 1E 08 07 00 AC 
  1436)    15727.4  Rx      0626  8  4F 15 FE 7F 76 13 00 00 
  1437)    15754.4  Rx      0600  8  0A 66 01 00 00 40 00 00 
  1438)    15761.4  Rx      0626  8  5E 15 FE 7F 8E 13 00 00 
  1439)    15766.4  Rx      0615  8  29 00 56 00 00 00 00 00 
  1440)    15771.3  Rx      0610  8  08 00 BB 05 F1 05 CB 00 
  1441)    15795.4  Rx      0626  8  96 15 FE 7F 89 13 00 00 
  1442)    15806.4  Rx      0618  8  00 01 00 64 6E 13 CC 00 
  1443)    15815.6  Rx  1839F380  8  01 1B 22 1E 08 07 00 AC 
  1444)    15829.3  Rx      0626  8  37 15 FE 7F 97 13 00 00 
  1445)    15856.3  Rx      0600  8  0A 66 01 00 00 40 00 00 
  1446)    15863.4  Rx      0626  8  6D 15 FE 7F AC 13 00 00 
  1447)    15872.4  Rx      0610  8  08 00 C4 05 FA 05 CD 00 
  1448)    15897.3  Rx      0626  8  86 15 FE 7F A4 13 00 00 
  1449)    15907.3  Rx      0618  8  00 01 00 64 73 13 CC 00 
  1450)    15915.6  Rx  1839F380  8  01 1B 22 1E 08 07 00 AC 
  1451)    15931.4  Rx      0626  8  33 15 FE 7F AC 13 00 00 
  1452)    15958.4  Rx      0600  8  0A 66 01 00 00 40 00 00 
  1453)    15965.3  Rx      0626  8  67 15 FE 7F C6 13 00 00 
  1454)    15969.4  Rx      0615  8  2A 00 56 00 00 00 00 00 
  1455)    15973.4  Rx      0610  8  08 00 CC 05 03 06 CE 00 
  1456)    15999.4  Rx      0626  8  05 16 FE 7F C3 13 00 00 
  1457)    16008.4  Rx      0618  8  00 01 00 64 6E 13 CE 00 
  1458)    16015.6  Rx  1839F380  8  01 1B 22 1E 08 07 00 AC 
  1459)    16033.4  Rx      0626  8  20 15 FE 7F CC 13 00 00 
  1460)    16060.3  Rx      0600  8  0A 66 01 00 00 40 00 00 
  1461)    16067.4  Rx      0626  8  6B 15 FE 7F DF 13 00 00 
  1462)    16074.4  Rx      0610  8  08 00 D5 05 0B 06 CF 00 
  1463)    16101.4  Rx      0626  8  0D 16 FE 7F EE 13 00 00 
  1464)    16109.4  Rx      0618  8  00 01 00 64 6C 13 CE 00 
  1465)    16115.6  Rx  1839F380  8  01 1B 22 1E 08 07 00 AC 
  1466)    16135.4  Rx      0626  8  81 15 F4 7F E7 13 00 00 
  1467)    16162.4  Rx      0600  8  0A 66 01 00 00 40 00 00 
  1468)    16169.4  Rx      0626  8  41 15 FE 7F FC 13 00 00 
  1469)    16169.5  Rx      0615  8  2A 00 56 00 00 00 00 00 
  1470)    16175.4  Rx      0610  8  08 00 DD 05 14 06 D0 00 
  1471)    16203.4  Rx      0626  8  0A 16 FE 7F 0B 14 00 00 
  1472)    16210.4  Rx      0618  8  00 01 00 64 68 13 CF 00 
  1473)    16215.6  Rx  1839F380  8  01 1B 22 1E 08 07 00 AC 
  1474)    16237.4  Rx      0626  8  7C 15 FE 7F FE 13 00 00 
  1475)    16264.4  Rx      0600  8  0A 66 01 00 10 40 00 00 
  1476)    16271.4  Rx      0626  8  25 15 FE 7F 04 14 00 00 
  1477)    16276.4  Rx      0610  8  08 00 E4 05 1B 06 D1 00 
  1478)    16295.4  Rx      0625  8  00 00 00 00 32 00 00 00 
  1479)    16305.4  Rx      0626  8  62 15 FE 7F 1E 14 00 00 
  1480)    16311.4  Rx      0618  8  00 01 00 64 6D 13 D0 00 
  1481)    16315.6  Rx  1839F380  8  01 1B 22 1E 08 07 00 AC 
  1482)    16339.3  Rx      0626  8  0F 16 FE 7F 2A 14 00 00 
  1483)    16363.4  Rx      0620  8  0E 19 00 00 81 02 00 00 
  1484)    16366.3  Rx      0600  8  0A 66 01 00 00 40 00 00 
  1485)    16367.4  Rx      0615  8  29 00 56 00 00 00 00 00 
  1486)    16373.3  Rx      0626  8  6C 15 FE 7F 1E 14 00 00 
  1487)    16375.4  Rx      0628  8  10 04 6F 00 20 00 00 00 
  1488)    16377.4  Rx      0610  8  08 00 EB 05 23 06 D2 00 
  1489)    16388.1  Rx      0037  3  00 00 00 
  1490)    16388.6  Rx      0030  8  07 40 00 04 00 00 00 3A 
  1491)    16407.4  Rx      0626  8  37 15 FE 7F 33 14 00 00 
  1492)    16412.4  Rx      0618  8  00 01 00 64 63 13 D5 00 
  1493)    16415.6  Rx  1839F380  8  01 1B 22 1E 08 07 00 AC 
  1494)    16441.4  Rx      0626  8  76 15 FE 7F 3C 14 00 00 
  1495)    16468.4  Rx      0600  8  0A 66 01 00 00 40 00 00 
  1496)    16475.4  Rx      0626  8  8E 15 FE 7F 36 14 00 00 
  1497)    16478.4  Rx      0610  8  08 00 F2 05 2A 06 D3 00 
  1498)    16509.3  Rx      0626  8  2C 15 FE 7F 3C 14 00 00 
  1499)    16513.4  Rx      0618  8  00 01 00 64 68 13 D5 00 
  1500)    16515.6  Rx  1839F380  8  01 1B 22 1E 08 07 00 AC 
  1501)    16515.6  Rx      0100  8  2B FE FD 43 12 5C 35 E3 
  1502)    16518.6  Rx      0101  8  13 88 00 17 00 5E 5B D3 
  1503)    16521.6  Rx      0102  8  00 00 00 00 02 00 7B 01 
  1504)    16524.6  Rx      0104  4  1C 03 71 49 
  1505)    16527.6  Rx      0105  8  0B B0 0B BA 0B A6 31 E4 
  1506)    16530.6  Rx      0107  8  0F B1 0F B8 0F B4 48 FA 
  1507)    16533.6  Rx      0108  8  0F BB 0F B7 0F B3 88 13 
  1508)    16536.6  Rx      0109  8  0F BA 0F B6 0F B2 48 BE 
  1509)    16539.6  Rx      010A  8  0F B9 0F B5 0F B1 49 4A 
  1510)    16542.6  Rx      010B  8  0F B8 0F B4 0F BB 4E A6 
  1511)    16543.3  Rx      0626  8  4F 15 FE 7F 51 14 00 00 
  1512)    16545.6  Rx      010C  8  0F B7 0F B3 0F BA 4E 82 
  1513)    16548.6  Rx      010D  8  0F B6 0F B2 0F B9 4F AE 
  1514)    16551.6  Rx      010E  8  0F B5 0F B1 0F B8 8F DB 
  1515)    16554.6  Rx      010F  8  0F B4 0F BB 0F B7 49 86 
  1516)    16557.6  Rx      0110  8  0F B3 00 00 00 00 3E 05 
  1517)    16564.4  Rx      0615  8  2A 00 56 00 00 00 00 00 
  1518)    16570.3  Rx      0600  8  0A 66 01 00 00 40 00 00 
  1519)    16577.3  Rx      0626  8  0C 16 FE 7F 5B 14 00 00 
  1520)    16579.4  Rx      0610  8  08 00 F8 05 30 06 D4 00 
  1521)    16611.4  Rx      0626  8  78 15 FE 7F 50 14 00 00 
  1522)    16614.4  Rx      0618  8  00 01 00 64 69 13 DB 00 
  1523)    16615.6  Rx  1839F380  8  01 1B 22 1E 08 07 00 AC 
  1524)    16645.3  Rx      0626  8  3A 15 FE 7F 56 14 00 00 
  1525)    16672.3  Rx      0600  8  0A 66 01 00 00 40 00 00 
  1526)    16679.4  Rx      0626  8  5A 15 FE 7F 6B 14 00 00 
  1527)    16680.3  Rx      0610  8  08 00 FE 05 36 06 D4 00 
  1528)    16713.4  Rx      0626  8  DE 15 FE 7F 75 14 00 00 
  1529)    16715.4  Rx      0618  8  00 01 00 64 76 13 D3 00 
  1530)    16715.6  Rx  1839F380  8  01 1B 22 1E 08 07 00 AC 
  1531)    16747.4  Rx      0626  8  98 15 F6 7F 6B 14 00 00 
  1532)    16759.4  Rx      0615  8  29 00 56 00 00 00 00 00 
  1533)    16774.4  Rx      0600  8  0A 66 01 00 00 40 00 00 
  1534)    16781.4  Rx      0610  8  08 00 04 06 3C 06 D5 00 
  1535)    16781.5  Rx      0626  8  32 15 FE 7F 6C 14 00 00 
  1536)    16815.4  Rx      0626  8  55 15 FE 7F 83 14 00 00 
  1537)    16815.6  Rx  1839F380  8  01 1B 22 1E 08 07 00 AC 
  1538)    16816.3  Rx      0618  8  00 01 00 64 70 13 D5 00 
  1539)    16849.4  Rx      0626  8  F1 15 FE 7F 8B 14 00 00 
  1540)    16876.4  Rx      0600  8  0A 66 01 00 00 40 00 00 
  1541)    16882.4  Rx      0610  8  08 00 09 06 42 06 D6 00 
  1542)    16883.3  Rx      0626  8  5B 15 FE 7F 7C 14 00 00 
  1543)    16915.6  Rx  1839F380  8  01 1B 22 1E 08 07 00 AC 
  1544)    16917.3  Rx      0618  8  00 01 00 64 76 13 D4 00 
  1545)    16917.4  Rx      0626  8  26 15 FE 7F 89 14 00 00 
  1546)    16951.3  Rx      0626  8  5D 15 FE 7F 99 14 00 00 
  1547)    16954.4  Rx      0615  8  2A 00 56 00 00 00 00 00 
  1548)    16978.4  Rx      0600  8  0A 66 01 00 10 40 00 00 
  1549)    16983.3  Rx      0610  8  08 00 0E 06 46 06 D7 00 
  1550)    16985.4  Rx      0626  8  09 16 FE 7F AA 14 00 00 
  1551)    17015.6  Rx  1839F380  8  01 1B 22 1E 08 07 00 AC 
  1552)    17018.4  Rx      0618  8  00 01 00 64 6B 13 D9 00 
  1553)    17019.4  Rx      0626  8  8B 15 F2 7F 99 14 00 00 
  1554)    17053.3  Rx      0626  8  1D 15 FE 7F A0 14 00 00 
  1555)    17080.4  Rx      0600  8  0A 66 01 00 00 40 00 00 
  1556)    17084.4  Rx      0610  8  08 00 13 06 4C 06 D7 00 
  1557)    17087.3  Rx      0626  8  60 15 FE 7F B0 14 00 00 
  1558)    17115.6  Rx  1839F380  8  01 1B 22 1E 08 07 00 AC 
  1559)    17119.4  Rx      0618  8  00 01 00 64 6F 13 DE 00 
  1560)    17121.4  Rx      0626  8  EF 15 FE 7F BC 14 00 00 
  1561)    17132.3  Rx      0628  8  0A 04 6F 00 20 00 00 00 
  1562)    17146.4  Rx      0615  8  2A 00 56 00 00 00 00 00 
  1563)    17155.4  Rx      0626  8  00 16 FE 7F B3 14 00 00 
  1564)    17182.4  Rx      0600  8  0A 66 01 00 00 40 00 00 
  1565)    17184.4  Rx      0625  8  00 00 00 00 32 00 00 00 
  1566)    17185.4  Rx      0610  8  08 00 19 06 52 06 D8 00 
  1567)    17189.4  Rx      0626  8  90 15 86 7F B8 14 00 00 
  1568)    17215.6  Rx  1839F380  8  01 1B 22 1E 08 07 00 AC 
  1569)    17220.3  Rx      0618  8  00 01 00 64 77 13 D8 00 
  1570)    17223.4  Rx      0626  8  18 15 FE 7F BE 14 00 00 
  1571)    17257.4  Rx      0626  8  5F 15 FE 7F D1 14 00 00 
  1572)    17284.4  Rx      0600  8  0A 66 01 00 00 40 00 00 
  1573)    17286.4  Rx      0610  8  08 00 1E 06 57 06 D9 00 
  1574)    17291.4  Rx      0626  8  EF 15 FE 7F DD 14 00 00 
  1575)    17315.6  Rx  1839F380  8  01 1B 22 1E 08 07 00 AC 
  1576)    17321.4  Rx      0618  8  00 01 00 64 68 13 D7 00 
  1577)    17325.4  Rx      0626  8  8A 15 FE 7F D1 14 00 00 
  1578)    17337.4  Rx      0615  8  29 00 56 00 00 00 00 00 
  1579)    17359.3  Rx      0626  8  2A 15 FE 7F D7 14 00 00 
  1580)    17364.4  Rx      0620  8  0E 19 00 00 81 02 00 00 
  1581)    17386.4  Rx      0600  8  0A 66 01 00 00 40 00 00 
  1582)    17387.3  Rx      0610  8  08 00 24 06 5D 06 DA 00 
  1583)    17393.4  Rx      0626  8  64 15 FE 7F EB 14 00 00 
  1584)    17415.6  Rx  1839F380  8  01 1B 22 1E 08 07 00 AC 
  1585)    17422.4  Rx      0618  8  00 01 00 64 64 13 DC 00 
  1586)    17427.4  Rx      0626  8  7F 15 FE 7F F4 14 00 00 
  1587)    17461.4  Rx      0626  8  33 16 FE 7F F0 14 00 00 
  1588)    17488.4  Rx      0600  8  0A 66 01 00 00 40 00 00 
  1589)    17488.5  Rx      0610  8  08 00 29 06 63 06 DA 00 
  1590)    17495.4  Rx      0626  8  80 15 9A 7F F4 14 00 00 
  1591)    17515.6  Rx  1839F380  8  01 1B 22 1E 08 07 00 AC 
  1592)    17515.6  Rx      0100  8  2B D9 FD 86 12 2A E9 46 
  1593)    17518.6  Rx      0101  8  13 88 00 17 00 5D 5A 93 
  1594)    17521.6  Rx      0102  8  00 00 00 00 02 00 7B 01 
  1595)    17523.4  Rx      0618  8  00 01 00 64 69 13 DB 00 
  1596)    17524.6  Rx      0104  4  1C 03 71 49 
  1597)    17527.4  Rx      0615  8  2A 00 56 00 00 00 00 00 
  1598)    17527.6  Rx      0105  8  0B B0 0B BA 0B A6 31 E4 
  1599)    17529.4  Rx      0626  8  11 15 FE 7F F8 14 00 00 
  1600)    17530.6  Rx      0107  8  0F A4 0F AB 0F A7 83 47 
  1601)    17533.6  Rx      0108  8  0F AE 0F AA 0F A6 82 4F 
  1602)    17536.6  Rx      0109  8  0F AD 0F A9 0F A5 83 BB 
  1603)    17539.6  Rx      010A  8  0F AC 0F A8 0F A4 43 16 
  1604)    17542.6  Rx      010B  8  0F AB 0F A7 0F AE 87 13 
  1605)    17545.6  Rx      010C  8  0F AA 0F A6 0F AD 86 3F 
  1606)    17548.6  Rx      010D  8  0F A9 0F A5 0F AC 46 4A 
  1607)    17551.6  Rx      010E  8  0F A8 0F A4 0F AB 84 67 
  1608)    17554.6  Rx      010F  8  0F A7 0F AE 0F AA 47 D2 
  1609)    17557.6  Rx      0110  8  0F A6 00 00 00 00 FD 08 
  1610)    17563.3  Rx      0626  8  58 15 FE 7F 0B 15 00 00 
  1611)    17589.4  Rx      0610  8  08 00 2E 06 68 06 DB 00 
  1612)    17590.3  Rx      0600  8  0A 66 01 00 00 40 00 00 
  1613)    17597.3  Rx      0626  8  E1 15 FE 7F 16 15 00 00 
  1614)    17615.6  Rx  1839F380  8  01 1B 22 1E 08 07 00 AC 
  1615)    17624.3  Rx      0618  8  00 01 00 64 72 13 DB 00 
  1616)    17631.4  Rx      0626  8  24 16 A3 7F 09 15 00 00 
  1617)    17665.3  Rx      0626  8  74 15 E6 7F 0E 15 00 00 
  1618)    17690.3  Rx      0610  8  08 00 34 06 6E 06 DC 00 
  1619)    17692.4  Rx      0600  8  0A 66 01 00 00 40 00 00 
  1620)    17699.4  Rx      0626  8  25 15 FE 7F 16 15 00 00 
  1621)    17715.6  Rx  1839F380  8  01 1B 22 1E 08 07 00 AC 
  1622)    17716.4  Rx      0615  8  29 00 56 00 00 00 00 00 
  1623)    17725.3  Rx      0618  8  00 01 00 64 64 13 E3 00 
  1624)    17733.4  Rx      0626  8  67 15 FE 7F 26 15 00 00 
  1625)    17767.4  Rx      0626  8  FB 15 FE 7F 31 15 00 00 
  1626)    17791.3  Rx      0610  8  08 00 38 06 73 06 DC 00 
  1627)    17794.4  Rx      0600  8  0A 66 01 00 10 40 00 00 
  1628)    17801.3  Rx      0626  8  51 16 B6 7F 27 15 00 00 
  1629)    17815.6  Rx  1839F380  8  01 1B 22 1E 08 07 00 AC 
  1630)    17826.4  Rx      0618  8  00 01 00 64 6F 13 DD 00 
  1631)    17835.3  Rx      0626  8  5B 15 EA 7F 26 15 00 00 
  1632)    17869.3  Rx      0626  8  0E 15 FE 7F 30 15 00 00 
  1633)    17889.3  Rx      0628  8  0A 04 6F 00 20 00 00 00 
  1634)    17892.4  Rx      0610  8  08 00 3D 06 78 06 DD 00 
  1635)    17896.3  Rx      0600  8  0A 66 01 00 00 40 00 00 
  1636)    17903.4  Rx      0626  8  49 15 97 7F 42 15 00 00 
  1637)    17904.4  Rx      0615  8  2A 00 56 00 00 00 00 00 
  1638)    17915.6  Rx  1839F380  8  01 1B 22 1E 08 07 00 AC 
  1639)    17927.4  Rx      0618  8  00 01 00 64 65 13 DE 00 
  1640)    17937.4  Rx      0626  8  71 15 EF 7F 4C 15 00 00 
  1641)    17971.3  Rx      0626  8  FD 15 FE 7F 4F 15 00 00 
  1642)    17993.2  Rx      0610  8  08 00 42 06 7D 06 DE 00 
  1643)    17998.3  Rx      0600  8  0A 66 01 00 00 40 00 00 
  1644)    18005.3  Rx      0626  8  66 15 D9 7F 45 15 00 00 
  1645)    18015.6  Rx  1839F380  8  01 1B 22 1E 08 07 00 AC 
  1646)    18028.3  Rx      0618  8  00 01 00 64 6D 13 E4 00 
  1647)    18039.2  Rx      0626  8  42 15 FE 7F 48 15 00 00 
  1648)    18073.3  Rx      0625  8  00 00 00 00 32 00 00 00 
  1649)    18073.4  Rx      0626  8  36 15 FE 7F 51 15 00 00 
  1650)    18091.3  Rx      0615  8  2A 00 56 00 00 00 00 00 
  1651)    18094.3  Rx      0610  8  08 00 46 06 81 06 DE 00 
  1652)    18100.2  Rx      0600  8  0A 66 01 00 10 40 00 00 
  1653)    18107.2  Rx      0626  8  7A 15 D1 7F 5B 15 00 00 
  1654)    18115.6  Rx  1839F380  8  01 1B 22 1E 08 07 00 AC 
  1655)    18129.3  Rx      0618  8  00 01 00 64 6A 13 DD 00 
  1656)    18141.2  Rx      0626  8  F1 15 FE 7F 6A 15 00 00 
  1657)    18175.3  Rx      0626  8  01 16 F9 7F 6A 15 00 00 
  1658)    18195.3  Rx      0610  8  08 00 4A 06 85 06 DF 00 
  1659)    18202.3  Rx      0600  8  0A 66 01 00 00 40 00 00 
  1660)    18209.2  Rx      0626  8  80 15 FE 7F 62 15 00 00 
  1661)    18215.6  Rx  1839F380  8  01 1B 22 1E 08 07 00 AC 
  1662)    18230.3  Rx      0618  8  00 01 00 64 65 13 E5 00 
  1663)    18243.3  Rx      0626  8  12 15 FE 7F 64 15 00 00 
  1664)    18277.3  Rx      0626  8  5B 15 CB 7F 73 15 00 00 
  1665)    18277.4  Rx      0615  8  29 00 56 00 00 00 00 00 
  1666)    18296.3  Rx      0610  8  08 00 4E 06 8A 06 DF 00 
  1667)    18304.2  Rx      0600  8  0A 66 01 00 10 40 00 00 
  1668)    18311.2  Rx      0626  8  64 15 FE 7F 7C 15 00 00 
  1669)    18315.6  Rx  1839F380  8  01 1B 22 1E 08 07 00 AC 
  1670)    18331.3  Rx      0618  8  00 01 00 64 71 13 E0 00 
  1671)    18345.2  Rx      0626  8  F2 15 FE 7F 80 15 00 00 
  1672)    18365.2  Rx      0620  8  0F 19 00 00 81 02 00 00 
  1673)    18379.2  Rx      0626  8  0C 16 FE 7F 88 15 00 00 
  1674)    18387.2  Rx      0037  3  00 00 00 
  1675)    18387.6  Rx      0030  8  07 40 00 04 00 00 00 3B 
  1676)    18397.3  Rx      0610  8  08 00 53 06 8E 06 E0 00 
  1677)    18406.3  Rx      0600  8  0A 66 01 00 10 40 00 00 
  1678)    18413.3  Rx      0626  8  76 15 28 7F 7F 15 00 00 
  1679)    18415.6  Rx  1839F380  8  01 1B 22 1E 08 07 00 AC 
  1680)    18432.3  Rx      0618  8  00 01 00 64 63 13 E0 00 
  1681)    18447.2  Rx      0626  8  18 15 B2 7F 87 15 00 00 
  1682)    18462.3  Rx      0615  8  2A 00 56 00 00 00 00 00 
  1683)    18481.2  Rx      0626  8  1D 15 FE 7F 8D 15 00 00 
  1684)    18498.2  Rx      0610  8  08 00 57 06 93 06 E1 00 
  1685)    18508.3  Rx      0600  8  0A 66 01 00 10 40 00 00 
  1686)    18515.3  Rx      0626  8  7D 15 FE 7F 96 15 00 00 
  1687)    18515.6  Rx  1839F380  8  01 1B 22 1E 08 07 00 AC 
  1688)    18515.6  Rx      0100  8  2B D9 FD A6 12 2A 23 47 
  1689)    18518.6  Rx      0101  8  13 88 00 17 00 5D 5A 93 
  1690)    18521.6  Rx      0102  8  00 00 00 00 00 00 1B 00 
  1691)    18524.6  Rx      0104  4  1C 03 71 49 
  1692)    18527.6  Rx      0105  8  0B B0 0B BA 0B A6 31 E4 
  1693)    18530.6  Rx      0107  8  0F A4 0F AB 0F A7 83 47 
  1694)    18533.3  Rx      0618  8  00 01 00 64 70 13 DF 00 
  1695)    18533.6  Rx      0108  8  0F AE 0F AA 0F A6 82 4F 
  1696)    18536.6  Rx      0109  8  0F AD 0F A9 0F A5 83 BB 
  1697)    18539.6  Rx      010A  8  0F AC 0F A8 0F A4 43 16 
  1698)    18542.6  Rx      010B  8  0F AB 0F A7 0F AE 87 13 
  1699)    18545.6  Rx      010C  8  0F AA 0F A6 0F AD 86 3F 
  1700)    18548.6  Rx      010D  8  0F A9 0F A5 0F AC 46 4A 
  1701)    18549.2  Rx      0626  8  50 15 FE 7F A2 15 00 00 
  1702)    18551.6  Rx      010E  8  0F A8 0F A4 0F AB 84 67 
  1703)    18554.6  Rx      010F  8  0F A7 0F AE 0F AA 47 D2 
  1704)    18557.6  Rx      0110  8  0F A6 00 00 00 00 FD 08 
  1705)    18583.2  Rx      0626  8  1F 16 FE 7F A8 15 00 00 
  1706)    18599.2  Rx      0610  8  08 00 5B 06 97 06 E1 00 
  1707)    18610.2  Rx      0600  8  0A 66 01 00 10 40 00 00 
  1708)    18615.6  Rx  1839F380  8  01 1B 22 1E 08 07 00 AC 
  1709)    18617.3  Rx      0626  8  8D 15 93 7F 9C 15 00 00 
  1710)    18634.2  Rx      0618  8  00 01 00 64 65 13 E3 00 
  1711)    18646.2  Rx      0628  8  0A 04 6F 00 21 00 00 00 
  1712)    18646.4  Rx      0615  8  29 00 56 00 00 00 00 00 
  1713)    18651.2  Rx      0626  8  5B 15 FE 7F 9F 15 00 00 
  1714)    18685.3  Rx      0626  8  37 15 FE 7F A1 15 00 00 
  1715)    18700.3  Rx      0610  8  08 00 60 06 9C 06 E2 00 
  1716)    18712.3  Rx      0600  8  0A 66 01 00 00 40 00 00 
  1717)    18715.6  Rx  1839F380  8  01 1B 22 1E 08 07 00 AC 
  1718)    18719.3  Rx      0626  8  1C 15 F1 7F B4 15 00 00 
  1719)    18735.3  Rx      0618  8  00 01 00 64 70 13 E0 00 
  1720)    18753.2  Rx      0626  8  63 15 FE 7F BB 15 00 00 
  1721)    18787.2  Rx      0626  8  FF 15 FE 7F C2 15 00 00 
  1722)    18801.2  Rx      0610  8  08 00 64 06 A0 06 E2 00 
  1723)    18814.3  Rx      0600  8  0A 66 01 00 00 40 00 00 
  1724)    18815.6  Rx  1839F380  8  01 1B 22 1E 08 07 00 AC 
  1725)    18821.2  Rx      0626  8  1E 16 A6 7F B9 15 00 00 
  1726)    18829.3  Rx      0615  8  2A 00 56 00 00 00 00 00 
  1727)    18836.3  Rx      0618  8  00 01 00 64 69 13 E5 00 
  1728)    18855.3  Rx      0626  8  72 15 90 7F BC 15 00 00 
  1729)    18889.3  Rx      0626  8  AC 15 82 7F C6 15 00 00 
  1730)    18902.1  Rx      0610  8  08 00 68 06 A4 06 E3 00 
  1731)    18915.6  Rx  1839F380  8  01 1B 22 1E 08 07 00 AC 
  1732)    18916.3  Rx      0600  8  0A 66 01 00 00 40 00 00 
  1733)    18923.3  Rx      0626  8  18 15 FE 7F C4 15 00 00 
  1734)    18937.2  Rx      0618  8  00 01 00 64 6E 13 E4 00 
  1735)    18957.2  Rx      0626  8  12 15 E9 7F D9 15 00 00 
  1736)    18962.2  Rx      0625  8  00 00 00 00 32 00 00 00 
  1737)    18991.3  Rx      0626  8  57 15 FE 7F DD 15 00 00 
  1738)    19003.3  Rx      0610  8  08 00 6C 06 A8 06 E3 00 
  1739)    19012.3  Rx      0615  8  29 00 56 00 00 00 00 00 
  1740)    19015.6  Rx  1839F380  8  01 1B 22 1E 08 07 00 AC 
  1741)    19018.3  Rx      0600  8  0A 66 01 00 00 40 00 00 
  1742)    19025.2  Rx      0626  8  47 15 FE 7F E5 15 00 00 
  1743)    19038.2  Rx      0618  8  00 01 00 64 63 13 E4 00 
  1744)    19059.2  Rx      0626  8  16 16 FE 7F EC 15 00 00 
  1745)    19093.2  Rx      0626  8  EE 15 FE 7F E3 15 00 00 
  1746)    19104.3  Rx      0610  8  08 00 70 06 AD 06 E4 00 
  1747)    19115.6  Rx  1839F380  8  01 1B 22 1E 08 07 00 AC 
  1748)    19120.2  Rx      0600  8  0A 66 01 00 00 40 00 00 
  1749)    19127.3  Rx      0626  8  4D 15 D9 7F E2 15 00 00 
  1750)    19139.3  Rx      0618  8  00 01 00 64 62 13 E2 00 
  1751)    19161.3  Rx      0626  8  4A 15 FE 7F E7 15 00 00 
  1752)    19193.3  Rx      0615  8  2A 00 56 00 00 00 00 00 
  1753)    19195.2  Rx      0626  8  D9 14 FE 7F EA 15 00 00 
  1754)    19205.2  Rx      0610  8  08 00 74 06 B1 06 E4 00 
  1755)    19215.6  Rx  1839F380  8  01 1B 22 1E 08 07 00 AC 
  1756)    19222.3  Rx      0600  8  0A 66 01 00 00 40 00 00 
  1757)    19229.3  Rx      0626  8  0E 15 FE 7F FC 15 00 00 
  1758)    19240.3  Rx      0618  8  00 01 00 64 68 13 ED 00 
  1759)    19263.3  Rx      0626  8  4E 15 FE 7F 08 16 00 00 
  1760)    19297.2  Rx      0626  8  84 15 FE 7F 0E 16 00 00 
  1761)    19306.2  Rx      0610  8  08 00 79 06 B6 06 E5 00 
  1762)    19315.6  Rx  1839F380  8  01 1B 22 1E 08 07 00 AC 
  1763)    19324.2  Rx      0600  8  0A 66 01 00 00 40 00 00 
  1764)    19331.3  Rx      0626  8  2C 16 FE 7F 14 16 00 00 
  1765)    19341.3  Rx      0618  8  00 01 00 64 61 13 E4 00 
  1766)    19365.2  Rx      0626  8  6B 15 34 7F 05 16 00 00 
  1767)    19366.3  Rx      0620  8  0F 19 00 00 81 02 00 00 
  1768)    19374.3  Rx      0615  8  29 00 56 00 00 00 00 00 
  1769)    19399.2  Rx      0626  8  94 15 8D 7F 0B 16 00 00 
  1770)    19403.2  Rx      0628  8  0A 04 6F 00 20 00 00 00 
  1771)    19407.3  Rx      0610  8  08 00 7D 06 BA 06 E6 00 
  1772)    19415.6  Rx  1839F380  8  01 1B 22 1E 08 07 00 AC 
  1773)    19426.2  Rx      0600  8  0A 66 01 00 00 40 00 00 
  1774)    19433.2  Rx      0626  8  9F 15 5A 7F 11 16 00 00 
  1775)    19442.2  Rx      0618  8  00 01 00 64 64 13 E7 00 
  1776)    19467.2  Rx      0626  8  01 15 FE 7F 16 16 00 00 
  1777)    19501.2  Rx      0626  8  0D 15 FE 7F 1A 16 00 00 
  1778)    19508.2  Rx      0610  8  08 00 81 06 BF 06 E6 00 
  1779)    19515.6  Rx  1839F380  8  01 1B 22 1E 08 07 00 AC 
  1780)    19515.6  Rx      0100  8  2B D9 FD A0 12 2A 22 A7 
  1781)    19518.6  Rx      0101  8  13 88 00 17 00 5D 5A 93 
  1782)    19521.6  Rx      0102  8  00 00 00 00 00 00 1B 00 
  1783)    19524.6  Rx      0104  4  1C 03 71 49 
  1784)    19527.6  Rx      0105  8  0B B0 0B BA 0B A6 31 E4 
  1785)    19528.2  Rx      0600  8  0A 66 01 00 00 40 00 00 
  1786)    19530.6  Rx      0107  8  0F A4 0F AB 0F A7 83 47 
  1787)    19533.6  Rx      0108  8  0F AE 0F AA 0F A6 82 4F 
  1788)    19535.2  Rx      0626  8  7B 15 FE 7F 2A 16 00 00 
  1789)    19536.6  Rx      0109  8  0F AD 0F A9 0F A5 83 BB 
  1790)    19539.6  Rx      010A  8  0F AC 0F A8 0F A4 43 16 
  1791)    19542.6  Rx      010B  8  0F AB 0F A7 0F AE 87 13 
  1792)    19543.3  Rx      0618  8  00 01 00 64 63 13 E7 00 
  1793)    19545.6  Rx      010C  8  0F AA 0F A6 0F AD 86 3F 
  1794)    19548.6  Rx      010D  8  0F A9 0F A5 0F AC 46 4A 
  1795)    19551.6  Rx      010E  8  0F A8 0F A4 0F AB 84 67 
  1796)    19554.3  Rx      0615  8  2A 00 56 00 00 00 00 00 
  1797)    19554.6  Rx      010F  8  0F A7 0F AE 0F AA 47 D2 
  1798)    19557.6  Rx      0110  8  0F A6 00 00 00 00 FD 08 
  1799)    19569.3  Rx      0626  8  82 15 FE 7F 30 16 00 00 
  1800)    19603.3  Rx      0626  8  9A 15 FE 7F 37 16 00 00 
  1801)    19609.2  Rx      0610  8  08 00 86 06 C3 06 E8 00 
  1802)    19615.6  Rx  1839F380  8  01 1B 22 1E 08 07 00 AC 
  1803)    19630.2  Rx      0600  8  0A 66 01 00 10 40 00 00 
  1804)    19637.2  Rx      0626  8  51 16 FE 7F 3D 16 00 00 
  1805)    19644.2  Rx      0618  8  00 01 00 64 67 13 E6 00 
  1806)    19671.3  Rx      0626  8  51 16 55 7F 43 16 00 00 
  1807)    19705.3  Rx      0626  8  DA 15 AA 7E 36 16 00 00 
  1808)    19710.2  Rx      0610  8  08 00 8A 06 C7 06 EA 00 
  1809)    19715.6  Rx  1839F380  8  01 1B 22 1E 08 07 00 AC 
  1810)    19732.2  Rx      0600  8  0A 66 01 00 00 40 00 00 
  1811)    19733.3  Rx      0615  8  2A 00 56 00 00 00 00 00 
  1812)    19739.2  Rx      0626  8  0D 16 3C 7F 38 16 00 00 
  1813)    19745.3  Rx      0618  8  00 01 00 64 67 13 F6 00 
  1814)    19773.2  Rx      0626  8  C9 16 79 7E 44 16 00 00 
  1815)    19807.2  Rx      0626  8  34 17 1D 7E 50 16 00 00 
  1816)    19811.2  Rx      0610  8  08 00 8F 06 CD 06 F4 00 
  1817)    19815.6  Rx  1839F380  8  01 1B 22 1E 08 07 00 AC 
  1818)    19834.2  Rx      0600  8  0A 66 01 00 10 40 00 00 
  1819)    19841.2  Rx      0626  8  9E 17 DB 78 6B 16 00 00 
  1820)    19846.2  Rx      0618  8  00 01 00 64 58 13 07 01 
  1821)    19851.2  Rx      0625  8  00 00 00 00 32 00 00 00 
  1822)    19875.2  Rx      0626  8  09 18 5C 72 81 16 00 00 
  1823)    19909.3  Rx      0626  8  CC 17 F9 6C 8E 16 00 00 
  1824)    19911.3  Rx      0615  8  2E 00 56 00 00 00 00 00 
  1825)    19912.2  Rx      0610  8  09 00 9C 06 DA 06 08 01 
  1826)    19915.6  Rx  1839F380  8  01 1B 22 1E 08 07 00 AC 
  1827)    19936.3  Rx      0600  8  0A 66 01 00 10 40 00 00 
  1828)    19943.2  Rx      0626  8  19 18 1A 67 9D 16 00 00 
  1829)    19947.2  Rx      0618  8  00 01 00 64 57 13 07 01 
  1830)    19977.3  Rx      0626  8  90 17 56 61 AF 16 00 00 
  1831)    20011.3  Rx      0626  8  A0 17 5D 5F C1 16 00 00 
  1832)    20013.2  Rx      0610  8  09 00 A9 06 E8 06 05 01 
  1833)    20015.6  Rx  1839F380  8  01 1B 22 1E 08 07 00 AC 
  1834)    20038.2  Rx      0600  8  0A 66 01 00 10 40 04 00 
  1835)    20045.3  Rx      0626  8  6B 17 1E 5C C6 16 00 00 
  1836)    20048.3  Rx      0618  8  00 01 00 64 6A 13 FC 00 
  1837)    20079.3  Rx      0626  8  11 17 AB 5B D1 16 00 00 
  1838)    20086.3  Rx      0615  8  2D 00 56 00 00 00 00 00 
  1839)    20113.2  Rx      0626  8  36 17 50 5B DB 16 00 00 
  1840)    20114.3  Rx      0610  8  08 00 B3 06 F2 06 FB 00 
  1841)    20115.6  Rx  1839F380  8  01 1B 22 1E 08 07 00 AC 
  1842)    20140.2  Rx      0600  8  0A 66 01 00 10 40 04 00 
  1843)    20147.2  Rx      0626  8  4F 17 5A 5A D0 16 00 00 
  1844)    20149.2  Rx      0618  8  00 01 00 64 6C 13 03 01 
  1845)    20160.3  Rx      0628  8  0D 04 6F 00 20 00 00 00 
  1846)    20181.2  Rx      0626  8  4A 16 A9 5B D9 16 00 00 
  1847)    20215.3  Rx      0610  8  08 00 BB 06 FA 06 F9 00 
  1848)    20215.4  Rx      0626  8  65 16 F5 5A E2 16 00 00 
  1849)    20215.6  Rx  1839F380  8  01 1B 22 1E 08 07 00 AC 
  1850)    20242.3  Rx      0600  8  0A 66 01 00 10 40 04 00 
  1851)    20249.2  Rx      0626  8  66 16 99 5B E5 16 00 00 
  1852)    20250.3  Rx      0618  8  00 01 00 64 59 13 FC 00 
  1853)    20260.3  Rx      0615  8  2B 00 56 00 00 00 00 00 
  1854)    20283.2  Rx      0626  8  7B 16 BF 5B EF 16 00 00 
  1855)    20315.6  Rx  1839F380  8  01 1B 22 1E 08 07 00 AC 
  1856)    20316.2  Rx      0610  8  08 00 C1 06 01 07 FA 00 
  1857)    20317.2  Rx      0626  8  57 16 80 5C F7 16 00 00 
  1858)    20344.2  Rx      0600  8  0A 66 01 00 10 40 04 00 
  1859)    20351.3  Rx      0618  8  00 01 00 64 51 13 00 01 
  1860)    20351.4  Rx      0626  8  B1 16 26 5C 02 17 00 00 
  1861)    20367.2  Rx      0620  8  10 19 00 00 81 02 00 00 
  1862)    20385.3  Rx      0626  8  34 16 D2 5B 09 17 00 00 
  1863)    20388.6  Rx      0037  3  00 00 00 
  1864)    20389.1  Rx      0030  8  07 40 00 04 00 00 00 3C 
  1865)    20415.6  Rx  1839F380  8  01 1B 22 1E 08 07 00 AC 
  1866)    20417.3  Rx      0610  8  08 00 C9 06 08 07 FB 00 
  1867)    20419.2  Rx      0626  8  A9 15 2C 5B 12 17 00 00 
  1868)    20433.3  Rx      0615  8  2B 00 56 00 00 00 00 00 
  1869)    20446.2  Rx      0600  8  0A 66 01 00 10 40 04 00 
  1870)    20452.3  Rx      0618  8  00 01 00 64 67 13 F6 00 
  1871)    20453.2  Rx      0626  8  C5 15 F4 5B 19 17 00 00 
  1872)    20487.2  Rx      0626  8  C7 15 9D 5C 20 17 00 00 
  1873)    20515.6  Rx  1839F380  8  01 1B 22 1E 08 07 00 AC 
  1874)    20515.6  Rx      0100  8  2B D9 FD 76 12 2A DA 46 
  1875)    20518.2  Rx      0610  8  08 00 CF 06 0F 07 FA 00 
  1876)    20518.6  Rx      0101  8  13 88 00 17 00 5D 5A 93 
  1877)    20521.3  Rx      0626  8  DD 15 C9 5B 22 17 00 00 
  1878)    20521.6  Rx      0102  8  00 00 00 00 00 00 1B 00 
  1879)    20524.6  Rx      0104  4  1C 03 71 49 
  1880)    20527.6  Rx      0105  8  0B B0 0B BA 0B A6 31 E4 
  1881)    20530.6  Rx      0107  8  0F A4 0F AB 0F A7 83 47 
  1882)    20533.6  Rx      0108  8  0F AE 0F AA 0F A6 82 4F 
  1883)    20536.6  Rx      0109  8  0F AD 0F A9 0F A5 83 BB 
  1884)    20539.6  Rx      010A  8  0F AC 0F A8 0F A4 43 16 
  1885)    20542.6  Rx      010B  8  0F AB 0F A7 0F AE 87 13 
  1886)    20545.6  Rx      010C  8  0F AA 0F A6 0F AD 86 3F 
  1887)    20548.2  Rx      0600  8  0A 66 01 00 10 40 04 00 
  1888)    20548.6  Rx      010D  8  0F A9 0F A5 0F AC 46 4A 
  1889)    20551.6  Rx      010E  8  0F A8 0F A4 0F AB 84 67 
  1890)    20553.2  Rx      0618  8  00 01 00 64 60 13 F6 00 
  1891)    20554.6  Rx      010F  8  0F A7 0F AE 0F AA 47 D2 
  1892)    20555.2  Rx      0626  8  BA 15 CD 5B 2D 17 00 00 
  1893)    20557.6  Rx      0110  8  0F A6 00 00 00 00 FD 08 
  1894)    20589.2  Rx      0626  8  C2 15 5D 5B 36 17 00 00 
  1895)    20604.3  Rx      0615  8  2B 00 56 00 00 00 00 00 
  1896)    20615.6  Rx  1839F380  8  01 1B 22 1E 08 07 00 AC 
  1897)    20619.2  Rx      0610  8  08 00 D6 06 16 07 F9 00 
  1898)    20623.3  Rx      0626  8  74 15 3E 5B 3D 17 00 00 
  1899)    20650.2  Rx      0600  8  0A 66 01 00 10 40 04 00 
  1900)    20654.2  Rx      0618  8  00 01 00 64 64 13 FA 00 
  1901)    20657.2  Rx      0626  8  AC 15 B9 5C 41 17 00 00 
  1902)    20691.2  Rx      0626  8  C6 15 F5 5B 44 17 00 00 
  1903)    20715.6  Rx  1839F380  8  01 1B 22 1E 08 07 00 AC 
  1904)    20720.2  Rx      0610  8  08 00 DB 06 1C 07 FA 00 
  1905)    20725.2  Rx      0626  8  BD 15 5E 5B 58 17 00 00 
  1906)    20740.3  Rx      0625  8  00 00 00 00 32 00 00 00 
  1907)    20752.2  Rx      0600  8  0A 66 01 00 10 40 04 00 
  1908)    20755.2  Rx      0618  8  00 01 00 64 68 13 FB 00 
  1909)    20759.2  Rx      0626  8  9D 15 8C 5B 56 17 00 00 
  1910)    20775.3  Rx      0615  8  2B 00 56 00 00 00 00 00 
  1911)    20793.2  Rx      0626  8  8D 15 64 5A 5D 17 00 00 
  1912)    20815.6  Rx  1839F380  8  01 1B 22 1E 08 07 00 AC 
  1913)    20821.2  Rx      0610  8  08 00 E1 06 21 07 FA 00 
  1914)    20827.2  Rx      0626  8  84 15 17 5B 6F 17 00 00 
  1915)    20854.2  Rx      0600  8  0A 66 01 00 10 40 04 00 
  1916)    20856.3  Rx      0618  8  00 01 00 64 6A 13 FC 00 
  1917)    20861.3  Rx      0626  8  8E 15 8E 5A 67 17 00 00 
  1918)    20895.2  Rx      0626  8  96 15 AB 5A 6F 17 00 00 
  1919)    20915.6  Rx  1839F380  8  01 1B 22 1E 08 07 00 AC 
  1920)    20917.2  Rx      0628  8  0A 04 6F 00 20 00 00 00 
  1921)    20922.2  Rx      0610  8  08 00 E7 06 28 07 FA 00 
  1922)    20929.2  Rx      0626  8  57 15 FD 59 71 17 00 00 
  1923)    20945.3  Rx      0615  8  2A 00 56 00 00 00 00 00 
  1924)    20956.2  Rx      0600  8  0A 66 01 00 10 40 04 00 
  1925)    20957.2  Rx      0618  8  00 01 00 64 6A 13 FA 00 
  1926)    20963.1  Rx      0626  8  59 15 20 5A 7C 17 00 00 
  1927)    20997.2  Rx      0626  8  57 15 DA 59 84 17 00 00 
  1928)    21015.6  Rx  1839F380  8  01 1B 22 1E 08 07 00 AC 
  1929)    21023.2  Rx      0610  8  08 00 EC 06 2D 07 F9 00 
  1930)    21031.3  Rx      0626  8  6A 15 8E 59 89 17 00 00 
  1931)    21058.3  Rx      0600  8  0A 66 01 00 10 40 04 00 
  1932)    21058.4  Rx      0618  8  00 01 00 64 6A 13 05 01 
  1933)    21065.2  Rx      0626  8  AF 15 81 5A 8F 17 00 00 
  1934)    21099.2  Rx      0626  8  8A 15 7A 59 8E 17 00 00 
  1935)    21113.3  Rx      0615  8  2B 00 56 00 00 00 00 00 
  1936)    21115.6  Rx  1839F380  8  01 1B 22 1E 08 07 00 AC 
  1937)    21124.3  Rx      0610  8  08 00 F1 06 33 07 FC 00 
  1938)    21133.3  Rx      0626  8  2A 15 A7 58 9A 17 00 00 
  1939)    21159.2  Rx      0618  8  00 01 00 64 65 13 04 01 
  1940)    21160.2  Rx      0600  8  0A 66 01 00 10 40 04 00 
  1941)    21167.2  Rx      0626  8  96 15 48 58 A1 17 00 00 
  1942)    21201.3  Rx      0626  8  4E 15 7E 58 A8 17 00 00 
  1943)    21215.6  Rx  1839F380  8  01 1B 22 1E 08 07 00 AC 
  1944)    21225.2  Rx      0610  8  08 00 F7 06 38 07 FB 00 
  1945)    21235.3  Rx      0626  8  A9 15 80 56 B0 17 00 00 
  1946)    21260.3  Rx      0618  8  00 01 00 64 64 13 FC 00 
  1947)    21262.2  Rx      0600  8  0A 66 01 00 10 40 04 00 
  1948)    21269.3  Rx      0626  8  A4 15 60 54 B0 17 00 00 
  1949)    21281.3  Rx      0615  8  2A 00 56 00 00 00 00 00 
  1950)    21303.3  Rx      0626  8  3E 15 08 54 B3 17 00 00 
  1951)    21315.6  Rx  1839F380  8  01 1B 22 1E 08 07 00 AC 
  1952)    21326.3  Rx      0610  8  08 00 FC 06 3E 07 FA 00 
  1953)    21337.2  Rx      0626  8  A9 15 5C 54 BD 17 00 00 
  1954)    21361.3  Rx      0618  8  00 01 00 64 66 13 FD 00 
  1955)    21364.3  Rx      0600  8  0A 66 01 00 10 40 04 00 
  1956)    21368.2  Rx      0620  8  10 19 00 00 81 02 00 00 
  1957)    21371.2  Rx      0626  8  A6 15 57 53 C0 17 00 00 
  1958)    21405.2  Rx      0626  8  B9 15 C0 51 C3 17 00 00 
  1959)    21415.6  Rx  1839F380  8  01 1B 22 1E 08 07 00 AC 
  1960)    21427.3  Rx      0610  8  08 00 00 07 42 07 FB 00 
  1961)    21439.2  Rx      0626  8  85 15 A8 51 CA 17 00 00 
  1962)    21449.3  Rx      0615  8  2A 00 56 00 00 00 00 00 
  1963)    21462.3  Rx      0618  8  00 01 00 64 5F 13 FC 00 
  1964)    21466.2  Rx      0600  8  0A 66 01 00 10 40 04 00 
  1965)    21473.2  Rx      0626  8  EA 15 30 50 CF 17 00 00 
  1966)    21507.2  Rx      0626  8  5B 16 61 4E D7 17 00 00 
  1967)    21515.6  Rx  1839F380  8  01 1B 22 1E 08 07 00 AC 
  1968)    21515.6  Rx      0100  8  2B D9 FD 29 12 2A C8 76 
  1969)    21518.6  Rx      0101  8  13 88 00 17 00 5D 5A 93 
  1970)    21521.6  Rx      0102  8  00 00 00 00 00 00 1B 00 
  1971)    21524.6  Rx      0104  4  1C 03 71 49 
  1972)    21527.6  Rx      0105  8  0B B0 0B BA 0B A6 31 E4 
  1973)    21528.2  Rx      0610  8  08 00 04 07 46 07 FB 00 
  1974)    21530.6  Rx      0107  8  0F A4 0F AB 0F A7 83 47 
  1975)    21533.6  Rx      0108  8  0F AE 0F AA 0F A6 82 4F 
  1976)    21536.6  Rx      0109  8  0F AD 0F A9 0F A5 83 BB 
  1977)    21539.6  Rx      010A  8  0F AC 0F A8 0F A4 43 16 
  1978)    21541.2  Rx      0626  8  44 16 7E 4E EA 17 00 00 
  1979)    21542.6  Rx      010B  8  0F AB 0F A7 0F AE 87 13 
  1980)    21545.6  Rx      010C  8  0F AA 0F A6 0F AD 86 3F 
  1981)    21548.6  Rx      010D  8  0F A9 0F A5 0F AC 46 4A 
  1982)    21551.6  Rx      010E  8  0F A8 0F A4 0F AB 84 67 
  1983)    21554.6  Rx      010F  8  0F A7 0F AE 0F AA 47 D2 
  1984)    21557.6  Rx      0110  8  0F A6 00 00 00 00 FD 08 
  1985)    21563.2  Rx      0618  8  00 01 00 64 6C 13 FB 00 
  1986)    21568.2  Rx      0600  8  0A 66 01 00 10 40 04 00 
  1987)    21575.3  Rx      0626  8  A9 16 82 4E F0 17 00 00 
  1988)    21609.2  Rx      0626  8  A1 16 20 4D F1 17 00 00 
  1989)    21615.3  Rx      0615  8  2A 00 56 00 00 00 00 00 
  1990)    21615.6  Rx  1839F380  8  01 1B 22 1E 08 07 00 AC 
  1991)    21629.3  Rx      0610  8  08 00 08 07 4A 07 FC 00 
  1992)    21629.4  Rx      0625  8  00 00 00 00 32 00 00 00 
  1993)    21643.3  Rx      0626  8  70 16 26 4D F6 17 00 00 
  1994)    21664.2  Rx      0618  8  00 01 00 64 69 13 FD 00 
  1995)    21670.3  Rx      0600  8  0A 66 01 00 10 40 04 00 
  1996)    21674.2  Rx      0628  8  0D 04 6F 00 20 00 00 00 
  1997)    21677.2  Rx      0626  8  AD 16 5C 4D F8 17 00 00 
  1998)    21711.2  Rx      0626  8  CB 15 9D 4A 03 18 00 00 
  1999)    21715.6  Rx  1839F380  8  01 1B 22 1E 08 07 00 AC 
  2000)    21730.2  Rx      0610  8  08 00 0D 07 4F 07 FD 00 
  2001)    21745.2  Rx      0626  8  D6 15 F2 4A 02 18 00 00 
  2002)    21765.3  Rx      0618  8  00 01 00 64 66 13 F9 00 
  2003)    21772.2  Rx      0600  8  0A 66 01 00 10 40 04 00 
  2004)    21779.2  Rx      0626  8  7E 15 91 48 07 18 00 00 
  2005)    21781.3  Rx      0615  8  2A 00 56 00 00 00 00 00 
  2006)    21813.2  Rx      0626  8  79 15 F5 49 06 18 00 00 
  2007)    21815.6  Rx  1839F380  8  01 1B 22 1E 08 07 00 AC 
  2008)    21831.3  Rx      0610  8  08 00 10 07 53 07 FC 00 
  2009)    21847.2  Rx      0626  8  F0 15 D5 49 0C 18 00 00 
  2010)    21866.2  Rx      0618  8  00 01 00 64 69 13 F9 00 
  2011)    21874.2  Rx      0600  8  0A 66 01 00 10 40 04 00 
  2012)    21881.2  Rx      0626  8  77 15 01 48 10 18 00 00 
  2013)    21915.3  Rx      0626  8  68 15 D8 44 0D 18 00 00 
  2014)    21915.6  Rx  1839F380  8  01 1B 22 1E 08 07 00 AC 
  2015)    21932.2  Rx      0610  8  08 00 14 07 57 07 FF 00 
  2016)    21947.3  Rx      0615  8  2A 00 56 00 00 00 00 00 
  2017)    21949.2  Rx      0626  8  B8 15 CC 41 0D 18 00 00 
  2018)    21967.2  Rx      0618  8  00 01 00 64 5B 13 00 01 
  2019)    21976.3  Rx      0600  8  0A 66 01 00 10 40 04 00 
  2020)    21983.3  Rx      0626  8  A5 15 B5 3C 14 18 00 00 
  2021)    22015.6  Rx  1839F380  8  01 1B 22 1E 08 07 00 AC 
  2022)    22017.3  Rx      0626  8  A3 15 1A 36 18 18 00 00 
  2023)    22033.3  Rx      0610  8  08 00 18 07 5B 07 01 01 
  2024)    22051.2  Rx      0626  8  D2 15 1E 34 1E 18 00 00 
  2025)    22068.3  Rx      0618  8  00 01 00 64 5A 13 FF 00 
  2026)    22078.2  Rx      0600  8  0A 66 01 00 10 40 04 00 
  2027)    22085.2  Rx      0626  8  08 16 90 32 1F 18 00 00 
  2028)    22112.3  Rx      0615  8  2B 00 56 00 00 00 00 00 
  2029)    22115.6  Rx  1839F380  8  01 1B 22 1E 08 07 00 AC 
  2030)    22119.3  Rx      0626  8  16 16 08 2F 28 18 00 00 
  2031)    22134.3  Rx      0610  8  08 00 1C 07 5F 07 01 01 
  2032)    22153.2  Rx      0626  8  82 16 0B 2D 2C 18 00 00 
  2033)    22169.3  Rx      0618  8  00 01 00 64 55 13 04 01 
  2034)    22180.3  Rx      0600  8  0A 66 01 00 10 40 04 00 
  2035)    22187.2  Rx      0626  8  6F 16 F6 2D 3E 18 00 00 
  2036)    22215.6  Rx  1839F380  8  01 1B 22 1E 08 07 00 AC 
  2037)    22221.3  Rx      0626  8  35 16 5D 2E 3E 18 00 00 
  2038)    22235.2  Rx      0610  8  08 00 20 07 62 07 FB 00 
  2039)    22255.3  Rx      0626  8  23 15 57 2D 42 18 00 00 
  2040)    22270.3  Rx      0618  8  00 01 00 64 6A 13 04 01 
  2041)    22276.3  Rx      0615  8  29 00 56 00 00 00 00 00 
  2042)    22282.2  Rx      0600  8  0A 66 01 00 10 40 04 00 
  2043)    22289.3  Rx      0626  8  2D 15 53 2D 40 18 00 00 
  2044)    22315.6  Rx  1839F380  8  01 1B 22 1E 08 07 00 AC 
  2045)    22323.3  Rx      0626  8  63 15 EE 2C 43 18 00 00 
  2046)    22336.2  Rx      0610  8  08 00 21 07 64 07 FA 00 
  2047)    22357.3  Rx      0626  8  3E 15 11 2D 46 18 00 00 
  2048)    22369.2  Rx      0620  8  11 19 00 00 81 02 00 00 
  2049)    22371.3  Rx      0618  8  00 01 00 64 60 13 FA 00 
  2050)    22384.3  Rx      0600  8  0A 66 01 00 10 40 04 00 
  2051)    22387.2  Rx      0037  3  00 00 00 
  2052)    22387.7  Rx      0030  8  07 40 00 04 00 00 00 3D 
  2053)    22391.3  Rx      0626  8  C1 14 AC 2B 43 18 00 00 
  2054)    22415.6  Rx  1839F380  8  01 1B 22 1E 08 07 00 AC 
  2055)    22425.3  Rx      0626  8  EF 14 6B 2C 38 18 00 00 
  2056)    22431.2  Rx      0628  8  10 04 6F 00 20 00 00 00 
  2057)    22437.2  Rx      0610  8  08 00 23 07 66 07 FA 00 
  2058)    22441.3  Rx      0615  8  29 00 56 00 00 00 00 00 
  2059)    22459.2  Rx      0626  8  D9 14 1E 2C 32 18 00 00 
  2060)    22472.3  Rx      0618  8  00 01 00 64 65 13 FB 00 
  2061)    22486.3  Rx      0600  8  0A 66 01 00 10 40 04 00 
  2062)    22493.2  Rx      0626  8  8C 14 9E 2A 3B 18 00 00 
  2063)    22515.6  Rx  1839F380  8  01 1B 22 1E 08 07 00 AC 
  2064)    22515.6  Rx      0100  8  2B D9 FC BF 12 2A 18 97 
  2065)    22518.3  Rx      0625  8  00 00 00 00 32 00 00 00 
  2066)    22518.6  Rx      0101  8  13 88 00 17 00 5D 5A 93 
  2067)    22521.6  Rx      0102  8  00 00 00 00 00 00 1B 00 
  2068)    22524.6  Rx      0104  4  1C 03 71 49 
  2069)    22527.2  Rx      0626  8  19 15 7D 27 3B 18 00 00 
  2070)    22527.6  Rx      0105  8  0B B0 0B BA 0B A6 31 E4 
  2071)    22530.6  Rx      0107  8  0F A4 0F AB 0F A7 83 47 
  2072)    22533.6  Rx      0108  8  0F AE 0F AA 0F A6 82 4F 
  2073)    22536.6  Rx      0109  8  0F AD 0F A9 0F A5 83 BB 
  2074)    22538.2  Rx      0610  8  08 00 24 07 67 07 FB 00 
  2075)    22539.6  Rx      010A  8  0F AC 0F A8 0F A4 43 16 
  2076)    22542.6  Rx      010B  8  0F AB 0F A7 0F AE 87 13 
  2077)    22545.6  Rx      010C  8  0F AA 0F A6 0F AD 86 3F 
  2078)    22548.6  Rx      010D  8  0F A9 0F A5 0F AC 46 4A 
  2079)    22551.6  Rx      010E  8  0F A8 0F A4 0F AB 84 67 
  2080)    22554.6  Rx      010F  8  0F A7 0F AE 0F AA 47 D2 
  2081)    22557.6  Rx      0110  8  0F A6 00 00 00 00 FD 08 
  2082)    22561.3  Rx      0626  8  23 15 CC 24 3E 18 00 00 
  2083)    22573.2  Rx      0618  8  00 01 00 64 68 13 F4 00 
  2084)    22588.2  Rx      0600  8  0A 66 01 00 10 40 04 00 
  2085)    22595.3  Rx      0626  8  D2 15 4A 22 41 18 00 00 
  2086)    22604.3  Rx      0615  8  29 00 56 00 00 00 00 00 
  2087)    22615.6  Rx  1839F380  8  01 1B 22 1E 08 07 00 AC 
  2088)    22629.3  Rx      0626  8  61 16 A6 21 43 18 00 00 
  2089)    22639.2  Rx      0610  8  08 00 25 07 68 07 FB 00 
  2090)    22663.2  Rx      0626  8  D1 15 19 23 51 18 00 00 
  2091)    22674.2  Rx      0618  8  00 01 00 64 52 13 FF 00 
  2092)    22690.2  Rx      0600  8  0A 66 01 00 10 40 04 00 
  2093)    22697.2  Rx      0626  8  92 15 10 23 54 18 00 00 
  2094)    22715.6  Rx  1839F380  8  01 1B 22 1E 08 07 00 AC 
  2095)    22731.2  Rx      0626  8  D2 14 F6 21 59 18 00 00 
  2096)    22740.2  Rx      0610  8  08 00 26 07 6A 07 F8 00 
  2097)    22765.2  Rx      0626  8  73 15 2E 23 50 18 00 00 
  2098)    22768.3  Rx      0615  8  29 00 56 00 00 00 00 00 
  2099)    22775.3  Rx      0618  8  00 01 00 64 55 13 FB 00 
  2100)    22792.3  Rx      0600  8  0A 66 01 00 10 40 04 00 
  2101)    22799.3  Rx      0626  8  22 15 F2 24 51 18 00 00 
  2102)    22815.6  Rx  1839F380  8  01 1B 22 1E 08 07 00 AC 
  2103)    22833.2  Rx      0626  8  82 14 A6 24 52 18 00 00 
  2104)    22841.2  Rx      0610  8  08 00 27 07 6A 07 F8 00 
  2105)    22867.2  Rx      0626  8  AB 14 4D 23 51 18 00 00 
  2106)    22876.3  Rx      0618  8  00 01 00 64 67 13 03 01 
  2107)    22894.2  Rx      0600  8  0A 66 01 00 10 40 04 00 
  2108)    22901.2  Rx      0626  8  D6 14 07 24 48 18 00 00 
  2109)    22915.6  Rx  1839F380  8  01 1B 22 1E 08 07 00 AC 
  2110)    22932.2  Rx      0615  8  29 00 56 00 00 00 00 00 
  2111)    22935.2  Rx      0626  8  E3 14 04 25 45 18 00 00 
  2112)    22942.3  Rx      0610  8  08 00 28 07 6C 07 FA 00 
  2113)    22969.2  Rx      0626  8  C1 14 DF 23 48 18 00 00 
  2114)    22977.3  Rx      0618  8  00 01 00 64 63 13 FE 00 
  2115)    22996.3  Rx      0600  8  0A 66 01 00 10 40 04 00 
  2116)    23003.2  Rx      0626  8  1F 15 29 22 4A 18 00 00 
  2117)    23015.6  Rx  1839F380  8  01 1B 22 1E 08 07 00 AC 
  2118)    23037.3  Rx      0626  8  59 15 7B 21 54 18 00 00 
  2119)    23043.3  Rx      0610  8  08 00 29 07 6D 07 FB 00 
  2120)    23071.2  Rx      0626  8  0A 16 26 22 61 18 00 00 
  2121)    23078.2  Rx      0618  8  00 01 00 64 61 13 FA 00 
  2122)    23095.3  Rx      0615  8  29 00 56 00 00 00 00 00 
  2123)    23098.2  Rx      0600  8  0A 66 01 00 10 40 00 00 
  2124)    23105.3  Rx      0626  8  AD 15 BB 21 65 18 00 00 
  2125)    23115.6  Rx  1839F380  8  01 1B 22 1E 08 07 00 AC 
  2126)    23139.3  Rx      0626  8  02 16 C6 22 69 18 00 00 
  2127)    23144.2  Rx      0610  8  08 00 2B 07 6E 07 F9 00 
  2128)    23173.2  Rx      0626  8  93 15 4A 24 65 18 00 00 
  2129)    23179.2  Rx      0618  8  00 01 00 64 63 13 FB 00 
  2130)    23188.2  Rx      0628  8  0A 04 6F 00 20 00 00 00 
  2131)    23200.3  Rx      0600  8  0A 66 01 00 10 40 00 00 
  2132)    23207.2  Rx      0626  8  BF 14 A8 23 65 18 00 00 
  2133)    23215.6  Rx  1839F380  8  01 1B 22 1E 08 07 00 AC 
  2134)    23241.3  Rx      0626  8  0C 15 13 24 69 18 00 00 
  2135)    23245.3  Rx      0610  8  08 00 2C 07 70 07 FA 00 
  2136)    23258.3  Rx      0615  8  28 00 56 00 00 00 00 00 
  2137)    23275.2  Rx      0626  8  29 15 18 25 65 18 00 00 
  2138)    23280.3  Rx      0618  8  00 01 00 64 58 13 00 01 
  2139)    23302.3  Rx      0600  8  0A 66 01 00 10 40 00 00 
  2140)    23309.2  Rx      0626  8  4D 14 46 24 5D 18 00 00 
  2141)    23315.6  Rx  1839F380  8  01 1B 22 1E 08 07 00 AC 
  2142)    23343.3  Rx      0626  8  D6 14 AC 23 5E 18 00 00 
  2143)    23346.2  Rx      0610  8  08 00 2E 07 71 07 FA 00 
  2144)    23370.2  Rx      0620  8  11 19 00 00 81 02 00 00 
  2145)    23377.3  Rx      0626  8  7F 15 43 23 61 18 00 00 
  2146)    23381.2  Rx      0618  8  00 01 00 64 53 13 02 01 
  2147)    23404.3  Rx      0600  8  0A 66 01 00 10 40 00 00 
  2148)    23407.3  Rx      0625  8  00 00 00 00 32 00 00 00 
  2149)    23411.3  Rx      0626  8  C8 14 14 21 5F 18 00 00 
  2150)    23415.6  Rx  1839F380  8  01 1B 22 1E 08 07 00 AC 
  2151)    23421.3  Rx      0615  8  29 00 56 00 00 00 00 00 
  2152)    23445.2  Rx      0626  8  2A 15 76 21 65 18 00 00 
  2153)    23447.2  Rx      0610  8  08 00 2F 07 72 07 F9 00 
  2154)    23479.2  Rx      0626  8  B5 15 22 22 70 18 00 00 
  2155)    23482.2  Rx      0618  8  00 01 00 64 68 13 01 01 
  2156)    23506.2  Rx      0600  8  0A 66 01 00 10 40 00 00 
  2157)    23513.2  Rx      0626  8  A5 15 FD 21 75 18 00 00 
  2158)    23515.6  Rx  1839F380  8  01 1B 22 1E 08 07 00 AC 
  2159)    23515.6  Rx      0100  8  2B B5 FC 3E 11 F8 94 D7 
  2160)    23518.6  Rx      0101  8  13 88 00 17 00 5C 9A 52 
  2161)    23521.6  Rx      0102  8  00 00 00 00 00 00 1B 00 
  2162)    23524.6  Rx      0104  4  1C 03 71 49 
  2163)    23527.6  Rx      0105  8  0B B0 0B BA 0B A6 31 E4 
  2164)    23530.6  Rx      0107  8  0F 97 0F 9E 0F 9A 58 92 
  2165)    23533.6  Rx      0108  8  0F A1 0F 9D 0F 99 5D EA 
  2166)    23536.6  Rx      0109  8  0F A0 0F 9C 0F 98 9D 47 
  2167)    23539.6  Rx      010A  8  0F 9F 0F 9B 0F 97 5D A2 
  2168)    23542.6  Rx      010B  8  0F 9E 0F 9A 0F A1 4B 4E 
  2169)    23545.6  Rx      010C  8  0F 9D 0F 99 0F A0 8B 3B 
  2170)    23547.3  Rx      0626  8  7D 16 1E 24 74 18 00 00 
  2171)    23548.2  Rx      0610  8  08 00 30 07 73 07 F8 00 
  2172)    23548.6  Rx      010D  8  0F 9C 0F 98 0F 9F 9B 17 
  2173)    23551.6  Rx      010E  8  0F 9B 0F 97 0F 9E 98 53 
  2174)    23554.6  Rx      010F  8  0F 9A 0F A1 0F 9D 57 CE 
  2175)    23557.6  Rx      0110  8  0F 99 00 00 00 00 F8 1C 
  2176)    23581.3  Rx      0626  8  BA 14 8E 23 72 18 00 00 
  2177)    23583.2  Rx      0618  8  00 01 00 64 63 13 F5 00 
  2178)    23584.3  Rx      0615  8  28 00 56 00 00 00 00 00 
  2179)    23608.3  Rx      0600  8  0A 66 01 00 10 40 00 00 
  2180)    23615.3  Rx      0626  8  14 15 D0 23 74 18 00 00 
  2181)    23615.6  Rx  1839F380  8  01 1B 22 1E 08 07 00 AC 
  2182)    23649.3  Rx      0610  8  08 00 30 07 74 07 F7 00 
  2183)    23649.4  Rx      0626  8  90 14 A8 25 70 18 00 00 
  2184)    23683.2  Rx      0626  8  53 14 75 24 78 18 00 00 
  2185)    23684.3  Rx      0618  8  00 01 00 64 6A 13 F2 00 
  2186)    23710.2  Rx      0600  8  0A 66 01 00 10 40 00 00 
  2187)    23715.6  Rx  1839F380  8  01 1B 22 1E 08 07 00 AC 
  2188)    23717.2  Rx      0626  8  B7 14 F5 24 66 18 00 00 
  2189)    23747.3  Rx      0615  8  29 00 56 00 00 00 00 00 
  2190)    23750.2  Rx      0610  8  08 00 31 07 75 07 F9 00 
  2191)    23751.2  Rx      0626  8  33 14 D2 22 67 18 00 00 
  2192)    23785.2  Rx      0618  8  00 01 00 64 5A 13 FA 00 
  2193)    23785.4  Rx      0626  8  E4 14 99 22 6A 18 00 00 
  2194)    23812.3  Rx      0600  8  0A 66 01 00 10 40 00 00 
  2195)    23815.6  Rx  1839F380  8  01 1B 22 1E 08 07 00 AC 
  2196)    23819.3  Rx      0626  8  A0 14 5D 22 69 18 00 00 
  2197)    23851.3  Rx      0610  8  08 00 32 07 75 07 F8 00 
  2198)    23853.3  Rx      0626  8  F9 15 11 20 70 18 00 00 
  2199)    23886.2  Rx      0618  8  00 01 00 64 55 13 08 01 
  2200)    23887.3  Rx      0626  8  13 16 A2 22 7E 18 00 00 
  2201)    23910.3  Rx      0615  8  29 00 56 00 00 00 00 00 
  2202)    23914.2  Rx      0600  8  0A 66 01 00 10 40 00 00 
  2203)    23915.6  Rx  1839F380  8  01 1B 22 1E 08 07 00 AC 
  2204)    23921.1  Rx      0626  8  C4 15 3C 22 80 18 00 00 
  2205)    23945.2  Rx      0628  8  10 04 6F 00 21 00 00 00 
  2206)    23952.2  Rx      0610  8  08 00 33 07 77 07 FA 00 
  2207)    23955.3  Rx      0626  8  3B 15 9A 23 7F 18 00 00 
  2208)    23987.2  Rx      0618  8  00 01 00 64 65 13 03 01 
  2209)    23989.2  Rx      0626  8  DA 14 E7 23 81 18 00 00 
  2210)    24015.6  Rx  1839F380  8  01 1B 22 1E 08 07 00 AC 
  2211)    24016.3  Rx      0600  8  0A 66 01 00 10 40 00 00 
  2212)    24023.3  Rx      0626  8  2E 15 FA 25 85 18 00 00 
  2213)    24053.2  Rx      0610  8  08 00 35 07 79 07 FA 00 
  2214)    24057.2  Rx      0626  8  50 14 26 25 7C 18 00 00 
  2215)    24072.3  Rx      0615  8  28 00 56 00 00 00 00 00 
  2216)    24088.2  Rx      0618  8  00 01 00 64 64 13 FD 00 
  2217)    24091.2  Rx      0626  8  C2 14 82 27 74 18 00 00 
  2218)    24115.6  Rx  1839F380  8  01 1B 22 1E 08 07 00 AC 
  2219)    24118.2  Rx      0600  8  0A 66 01 00 10 40 00 00 
  2220)    24125.3  Rx      0626  8  27 14 7B 26 79 18 00 00 
  2221)    24154.2  Rx      0610  8  08 00 36 07 7A 07 F7 00 
  2222)    24159.1  Rx      0626  8  46 15 03 28 7C 18 00 00 
  2223)    24189.2  Rx      0618  8  00 01 00 64 61 13 F1 00 
  2224)    24193.2  Rx      0626  8  7E 14 27 27 7A 18 00 00 
  2225)    24215.6  Rx  1839F380  8  01 1B 22 1E 08 07 00 AC 
  2226)    24220.2  Rx      0600  8  0A 66 01 00 10 40 00 00 
  2227)    24227.2  Rx      0626  8  F7 15 4B 28 7D 18 00 00 
  2228)    24235.3  Rx      0615  8  29 00 56 00 00 00 00 00 
  2229)    24255.2  Rx      0610  8  08 00 37 07 7A 07 F8 00 
  2230)    24261.2  Rx      0626  8  6C 15 E0 29 90 18 00 00 
  2231)    24290.3  Rx      0618  8  00 01 00 64 5D 13 FA 00 
  2232)    24295.2  Rx      0626  8  EF 15 DF 2C 8C 18 00 00 
  2233)    24296.2  Rx      0625  8  00 00 00 00 32 00 00 00 
  2234)    24315.6  Rx  1839F380  8  01 1B 22 1E 08 07 00 AC 
  2235)    24322.3  Rx      0600  8  0A 66 01 00 10 40 00 00 
  2236)    24329.3  Rx      0626  8  C9 14 5C 2C 8C 18 00 00 
  2237)    24356.3  Rx      0610  8  08 00 38 07 7B 07 F8 00 
  2238)    24363.3  Rx      0626  8  5B 15 9E 2F 8C 18 00 00 
  2239)    24371.2  Rx      0620  8  12 19 00 00 81 02 00 00 
  2240)    24388.1  Rx      0037  3  00 00 00 
  2241)    24388.6  Rx      0030  8  07 40 00 04 00 00 00 3E 
  2242)    24391.2  Rx      0618  8  00 01 00 64 6F 13 04 01 
  2243)    24397.2  Rx      0626  8  04 14 4D 2D 93 18 00 00 
  2244)    24397.3  Rx      0615  8  28 00 56 00 00 00 00 00 
  2245)    24415.6  Rx  1839F380  8  01 1B 22 1E 08 07 00 AC 
  2246)    24424.1  Rx      0600  8  0A 66 01 00 10 40 00 00 
  2247)    24431.2  Rx      0626  8  4E 14 75 31 88 18 00 00 
  2248)    24457.2  Rx      0610  8  08 00 3A 07 7D 07 FA 00 
  2249)    24465.2  Rx      0626  8  F2 14 C6 31 85 18 00 00 
  2250)    24492.2  Rx      0618  8  00 01 00 64 6C 13 F7 00 
  2251)    24499.2  Rx      0626  8  78 14 FC 30 84 18 00 00 
  2252)    24515.6  Rx  1839F380  8  01 1B 22 1E 08 07 00 AC 
  2253)    24515.6  Rx      0100  8  2B B5 FB AF 11 F8 0D 87 
  2254)    24518.6  Rx      0101  8  13 88 00 17 00 5C 9A 52 
  2255)    24521.6  Rx      0102  8  00 00 00 00 00 41 2B C0 
  2256)    24524.6  Rx      0104  4  1C 03 71 49 
  2257)    24526.2  Rx      0600  8  0A 66 01 00 10 40 00 00 
  2258)    24527.6  Rx      0105  8  0B B0 0B BA 0B A6 31 E4 
  2259)    24530.6  Rx      0107  8  0F 97 0F 9E 0F 9A 58 92 
  2260)    24533.2  Rx      0626  8  00 15 DF 31 88 18 00 00 
  2261)    24533.6  Rx      0108  8  0F A1 0F 9D 0F 99 5D EA 
  2262)    24536.6  Rx      0109  8  0F A0 0F 9C 0F 98 9D 47 
  2263)    24539.6  Rx      010A  8  0F 9F 0F 9B 0F 97 5D A2 
  2264)    24542.6  Rx      010B  8  0F 9E 0F 9A 0F A1 4B 4E 
  2265)    24545.6  Rx      010C  8  0F 9D 0F 99 0F A0 8B 3B 
  2266)    24548.6  Rx      010D  8  0F 9C 0F 98 0F 9F 9B 17 
  2267)    24551.6  Rx      010E  8  0F 9B 0F 97 0F 9E 98 53 
  2268)    24554.6  Rx      010F  8  0F 9A 0F A1 0F 9D 57 CE 
  2269)    24557.6  Rx      0110  8  0F 99 00 00 00 00 F8 1C 
  2270)    24558.2  Rx      0610  8  08 00 3B 07 7F 07 F9 00 
  2271)    24559.3  Rx      0615  8  28 00 56 00 00 00 00 00 
  2272)    24567.2  Rx      0626  8  64 15 7F 30 88 18 00 00 
  2273)    24593.2  Rx      0618  8  00 01 00 64 63 13 F0 00 
  2274)    24601.2  Rx      0626  8  DF 15 E5 35 93 18 00 00 
  2275)    24615.6  Rx  1839F380  8  01 1B 22 1E 08 07 00 AC 
  2276)    24628.2  Rx      0600  8  0A 66 01 00 10 40 00 00 
  2277)    24635.3  Rx      0626  8  78 15 D8 35 96 18 00 00 
  2278)    24659.2  Rx      0610  8  08 00 39 07 7D 07 F6 00 
  2279)    24669.2  Rx      0626  8  D4 14 75 39 8E 18 00 00 
  2280)    24694.2  Rx      0618  8  00 01 00 64 55 13 F7 00 
  2281)    24702.2  Rx      0628  8  0A 04 6F 00 20 00 00 00 
  2282)    24703.1  Rx      0626  8  A2 14 00 3B 8E 18 00 00 
  2283)    24715.6  Rx  1839F380  8  01 1B 22 1E 08 07 00 AC 
  2284)    24722.2  Rx      0615  8  28 00 56 00 00 00 00 00 
  2285)    24730.2  Rx      0600  8  0A 66 01 00 10 40 00 00 
  2286)    24737.2  Rx      0626  8  AF 13 BF 3E 87 18 00 00 
  2287)    24760.2  Rx      0610  8  08 00 37 07 7B 07 F4 00 
  2288)    24771.2  Rx      0626  8  EC 13 D5 40 79 18 00 00 
  2289)    24795.2  Rx      0618  8  00 01 00 64 56 13 FD 00 
  2290)    24805.2  Rx      0626  8  D8 13 B3 44 76 18 00 00 
  2291)    24815.6  Rx  1839F380  8  01 1B 22 1E 08 07 00 AC 
  2292)    24832.2  Rx      0600  8  0A 66 01 00 10 40 00 00 
  2293)    24839.2  Rx      0626  8  37 14 CA 44 6E 18 00 00 
  2294)    24861.2  Rx      0610  8  08 00 35 07 79 07 F2 00 
  2295)    24873.2  Rx      0626  8  28 14 9D 49 68 18 00 00 
  2296)    24884.3  Rx      0615  8  28 00 56 00 00 00 00 00 
  2297)    24896.2  Rx      0618  8  00 01 00 64 68 13 F5 00 
  2298)    24907.2  Rx      0626  8  7D 14 ED 48 6B 18 00 00 
  2299)    24915.6  Rx  1839F380  8  01 1B 22 1E 08 07 00 AC 
  2300)    24934.2  Rx      0600  8  0A 66 01 00 10 40 00 00 
  2301)    24941.1  Rx      0626  8  9F 14 AC 4C 6B 18 00 00 
  2302)    24962.2  Rx      0610  8  08 00 32 07 76 07 F3 00 
  2303)    24975.2  Rx      0626  8  46 15 3B 50 77 18 00 00 
  2304)    24997.2  Rx      0618  8  00 01 00 64 64 13 F3 00 
  2305)    25009.2  Rx      0626  8  1F 15 F3 55 76 18 00 00 
  2306)    25015.6  Rx  1839F380  8  01 1B 22 1E 08 07 00 AC 
  2307)    25036.2  Rx      0600  8  0A 66 01 00 10 40 00 00 
  2308)    25043.2  Rx      0626  8  88 14 32 5B 6F 18 00 00 
  2309)    25047.2  Rx      0615  8  27 00 56 00 00 00 00 00 
  2310)    25063.2  Rx      0610  8  07 00 30 07 74 07 F1 00 
  2311)    25077.2  Rx      0626  8  7F 14 2D 5D 6C 18 00 00 
  2312)    25098.2  Rx      0618  8  00 01 00 64 67 13 EF 00 
  2313)    25111.2  Rx      0626  8  AF 14 BB 61 6C 18 00 00 
  2314)    25115.6  Rx  1839F380  8  01 1C 23 1F 08 07 00 AF 
  2315)    25138.2  Rx      0600  8  0A 66 01 00 10 40 00 00 
  2316)    25145.2  Rx      0626  8  D4 13 44 65 5E 18 00 00 
  2317)    25164.2  Rx      0610  8  08 00 2E 07 71 07 F3 00 
  2318)    25179.2  Rx      0626  8  35 14 53 68 5C 18 00 00 
  2319)    25185.2  Rx      0625  8  00 00 00 00 32 00 00 00 
  2320)    25199.2  Rx      0618  8  00 01 00 64 58 13 F4 00 
  2321)    25211.2  Rx      0615  8  28 00 56 00 00 00 00 00 
  2322)    25213.2  Rx      0626  8  5D 14 FC 69 56 18 00 00 
  2323)    25215.6  Rx  1839F380  8  01 1C 23 1F 08 07 00 AF 
  2324)    25240.2  Rx      0600  8  0A 66 01 00 10 40 00 00 
  2325)    25247.2  Rx      0626  8  88 14 A9 6C 52 18 00 00 
  2326)    25265.2  Rx      0610  8  08 00 2C 07 70 07 F5 00 
  2327)    25281.2  Rx      0626  8  48 14 84 6D 51 18 00 00 
  2328)    25300.2  Rx      0618  8  00 01 00 64 57 13 FE 00 
  2329)    25315.1  Rx      0626  8  2C 14 14 72 54 18 00 00 
  2330)    25315.6  Rx  1839F380  8  01 1C 23 1F 08 07 00 AF 
  2331)    25342.2  Rx      0600  8  0A 66 01 00 10 40 00 00 
  2332)    25349.1  Rx      0626  8  7B 14 AA 77 4E 18 00 00 
  2333)    25366.2  Rx      0610  8  07 00 2A 07 6E 07 F0 00 
  2334)    25372.2  Rx      0620  8  12 19 00 00 81 02 00 00 
  2335)    25373.2  Rx      0615  8  27 00 56 00 00 00 00 00 
  2336)    25383.2  Rx      0626  8  C2 14 D4 7B 59 18 00 00 
  2337)    25401.2  Rx      0618  8  00 01 00 64 65 13 F3 00 
  2338)    25415.6  Rx  1839F380  8  01 1C 23 1F 08 07 00 AF 
  2339)    25417.1  Rx      0626  8  FF 13 FE 7F 56 18 00 00 
  2340)    25444.2  Rx      0600  8  0A 66 01 00 10 40 00 00 
  2341)    25451.1  Rx      0626  8  E0 12 FE 7F 4A 18 00 00 
  2342)    25459.2  Rx      0628  8  10 04 6F 00 21 00 00 00 
  2343)    25467.2  Rx      0610  8  07 00 26 07 69 07 E1 00 
  2344)    25485.1  Rx      0626  8  CA 10 FE 7F 35 18 00 00 
  2345)    25502.2  Rx      0618  8  00 01 00 64 81 13 BF 00 
  2346)    25515.6  Rx  1839F380  8  01 1C 23 1F 08 07 00 AF 
  2347)    25515.6  Rx      0100  8  2B B5 FB 19 11 F8 EB 66 
  2348)    25518.6  Rx      0101  8  13 88 00 17 00 5C 9A 52 
  2349)    25519.2  Rx      0626  8  9E 0F FE 7F 23 18 00 00 
  2350)    25521.6  Rx      0102  8  00 00 00 00 00 41 2B C0 
  2351)    25524.6  Rx      0104  4  1C 03 71 49 
  2352)    25527.6  Rx      0105  8  0B B0 0B BA 0B A6 31 E4 
  2353)    25530.6  Rx      0107  8  0F 97 0F 9E 0F 9A 58 92 
  2354)    25533.6  Rx      0108  8  0F A1 0F 9D 0F 99 5D EA 
  2355)    25536.6  Rx      0109  8  0F A0 0F 9C 0F 98 9D 47 
  2356)    25538.2  Rx      0615  8  22 00 56 00 00 00 00 00 
  2357)    25539.6  Rx      010A  8  0F 9F 0F 9B 0F 97 5D A2 
  2358)    25542.6  Rx      010B  8  0F 9E 0F 9A 0F A1 4B 4E 
  2359)    25545.6  Rx      010C  8  0F 9D 0F 99 0F A0 8B 3B 
  2360)    25546.2  Rx      0600  8  0A 66 01 00 00 40 00 00 
  2361)    25548.6  Rx      010D  8  0F 9C 0F 98 0F 9F 9B 17 
  2362)    25551.6  Rx      010E  8  0F 9B 0F 97 0F 9E 98 53 
  2363)    25553.2  Rx      0626  8  B3 0E FE 7F 04 18 00 00 
  2364)    25554.6  Rx      010F  8  0F 9A 0F A1 0F 9D 57 CE 
  2365)    25557.6  Rx      0110  8  0F 99 00 00 00 00 F8 1C 
  2366)    25568.2  Rx      0610  8  06 00 18 07 5A 07 B7 00 
  2367)    25587.2  Rx      0626  8  CA 0D FE 7F E8 17 00 00 
  2368)    25603.2  Rx      0618  8  00 01 00 64 81 13 98 00 
  2369)    25615.6  Rx  1839F380  8  01 1C 23 1F 08 07 00 AF 
  2370)    25621.2  Rx      0626  8  5A 0C FE 7F C8 17 00 00 
  2371)    25648.2  Rx      0600  8  0A 66 01 00 00 40 00 00 
  2372)    25655.2  Rx      0626  8  CC 0B FE 7F A2 17 00 00 
  2373)    25669.2  Rx      0610  8  05 00 FE 06 40 07 94 00 
  2374)    25689.2  Rx      0626  8  6E 0B FE 7F 7B 17 00 00 
  2375)    25704.2  Rx      0618  8  00 01 00 64 80 13 82 00 
  2376)    25706.2  Rx      0615  8  18 00 56 00 00 00 00 00 
  2377)    25715.6  Rx  1839F380  8  01 1C 23 1F 08 07 00 AF 
  2378)    25723.2  Rx      0626  8  F1 0A FE 7F 57 17 00 00 
  2379)    25750.2  Rx      0600  8  0A 66 01 00 00 40 00 00 
  2380)    25757.2  Rx      0626  8  7D 0A FE 7F 2F 17 00 00 
  2381)    25770.2  Rx      0610  8  04 00 DD 06 1E 07 80 00 
  2382)    25791.2  Rx      0626  8  AB 0A FE 7F 04 17 00 00 
  2383)    25805.2  Rx      0618  8  00 01 00 64 84 13 74 00 
  2384)    25815.6  Rx  1839F380  8  01 1C 23 1F 08 07 00 AF 
  2385)    25825.2  Rx      0626  8  7D 0A FE 7F D9 16 00 00 
  2386)    25852.2  Rx      0600  8  0A 66 01 00 00 40 00 00 
  2387)    25859.2  Rx      0626  8  5C 0A FE 7F AC 16 00 00 
  2388)    25871.2  Rx      0610  8  04 00 B8 06 F8 06 73 00 
  2389)    25879.2  Rx      0615  8  14 00 56 00 00 00 00 00 
  2390)    25893.2  Rx      0626  8  47 0A FE 7F 88 16 00 00 
  2391)    25906.2  Rx      0618  8  00 01 00 64 7B 13 75 00 
  2392)    25915.6  Rx  1839F380  8  01 1C 23 1F 08 07 00 AF 
  2393)    25927.1  Rx      0626  8  F5 0A FE 7F 5D 16 00 00 
  2394)    25954.2  Rx      0600  8  0A 66 01 00 00 40 00 00 
  2395)    25961.2  Rx      0626  8  DF 0A FE 7F 2E 16 00 00 
  2396)    25972.2  Rx      0610  8  04 00 93 06 D1 06 6D 00 
  2397)    25995.1  Rx      0626  8  F3 09 FE 7F F4 15 00 00 
  2398)    26007.2  Rx      0618  8  00 01 00 64 98 13 68 00 
  2399)    26015.6  Rx  1839F380  8  01 1C 23 1F 08 07 00 AF 
  2400)    26029.2  Rx      0626  8  1E 0A FE 7F C8 15 00 00 
  2401)    26056.2  Rx      0600  8  0A 66 01 00 00 40 00 00 
  2402)    26060.2  Rx      0615  8  14 00 56 00 00 00 00 00 
  2403)    26063.2  Rx      0626  8  DF 09 FE 7F A1 15 00 00 
  2404)    26073.2  Rx      0610  8  03 00 6D 06 AA 06 6B 00 
  2405)    26074.2  Rx      0625  8  00 00 00 00 32 00 00 00 
  2406)    26097.2  Rx      0626  8  E7 09 FE 7F 84 15 00 00 
  2407)    26108.2  Rx      0618  8  00 01 00 64 87 13 6E 00 
  2408)    26115.6  Rx  1839F380  8  01 1C 23 1F 08 07 00 AF 
  2409)    26131.2  Rx      0626  8  48 0A FE 7F 5A 15 00 00 
  2410)    26158.2  Rx      0600  8  0A 66 01 00 00 40 00 00 
  2411)    26165.2  Rx      0626  8  9F 0A FE 7F 31 15 00 00 
  2412)    26174.2  Rx      0610  8  03 00 49 06 84 06 68 00 
  2413)    26199.2  Rx      0626  8  2F 0A FE 7F FC 14 00 00 
  2414)    26209.2  Rx      0618  8  00 01 00 64 86 13 64 00 
  2415)    26215.6  Rx  1839F380  8  01 1C 23 1F 08 07 00 AF 
  2416)    26216.2  Rx      0628  8  10 04 6F 00 21 00 00 00 
  2417)    26233.2  Rx      0626  8  D6 09 FE 7F D3 14 00 00 
  2418)    26248.2  Rx      0615  8  13 00 56 00 00 00 00 00 
  2419)    26260.1  Rx      0600  8  0A 66 01 00 00 40 00 00 
  2420)    26267.2  Rx      0626  8  D6 09 FE 7F B4 14 00 00 
  2421)    26275.2  Rx      0610  8  03 00 25 06 5F 06 66 00 
  2422)    26301.2  Rx      0626  8  24 0A FE 7F 91 14 00 00 
  2423)    26310.2  Rx      0618  8  00 01 00 64 7F 13 61 00 
  2424)    26315.6  Rx  1839F380  8  01 1C 23 1F 08 07 00 AF 
  2425)    26335.1  Rx      0626  8  33 0A FE 7F 5B 14 00 00 
  2426)    26362.2  Rx      0600  8  0A 66 01 00 00 40 00 00 
  2427)    26369.2  Rx      0626  8  DC 09 FE 7F 37 14 00 00 
  2428)    26373.2  Rx      0620  8  13 19 00 00 81 02 00 00 
  2429)    26376.2  Rx      0610  8  03 00 02 06 3B 06 64 00 
  2430)    26380.8  Rx      0037  3  00 00 00 
  2431)    26381.4  Rx      0030  8  07 40 00 04 00 00 00 3F 
  2432)    26403.2  Rx      0626  8  0F 0A FE 7F 19 14 00 00 
  2433)    26411.2  Rx      0618  8  00 01 00 64 82 13 61 00 
  2434)    26415.6  Rx  1839F380  8  01 1C 23 1F 08 07 00 AF 
  2435)    26437.2  Rx      0626  8  51 0A FE 7F F9 13 00 00 
  2436)    26445.2  Rx      0615  8  14 00 56 00 00 00 00 00 
  2437)    26464.2  Rx      0600  8  0A 66 01 00 00 40 00 00 
  2438)    26471.2  Rx      0626  8  20 0A FE 7F BF 13 00 00 
  2439)    26477.2  Rx      0610  8  03 00 E1 05 18 06 61 00 
  2440)    26505.2  Rx      0626  8  D3 09 FE 7F A8 13 00 00 
  2441)    26512.1  Rx      0618  8  00 01 00 64 7A 13 5F 00 
  2442)    26515.6  Rx  1839F380  8  01 1C 23 1F 08 07 00 AF 
  2443)    26515.6  Rx      0100  8  2B B5 FA 87 11 F8 F9 06 
  2444)    26518.6  Rx      0101  8  13 88 00 17 00 5C 9A 52 
  2445)    26521.6  Rx      0102  8  00 00 00 00 00 41 2B C0 
  2446)    26524.6  Rx      0104  4  1C 03 71 49 
  2447)    26527.6  Rx      0105  8  0B B0 0B BA 0B A6 31 E4 
  2448)    26530.6  Rx      0107  8  0F 97 0F 9E 0F 9A 58 92 
  2449)    26533.6  Rx      0108  8  0F A1 0F 9D 0F 99 5D EA 
  2450)    26536.6  Rx      0109  8  0F A0 0F 9C 0F 98 9D 47 
  2451)    26539.2  Rx      0626  8  9B 0A FE 7F 85 13 00 00 
  2452)    26539.6  Rx      010A  8  0F 9F 0F 9B 0F 97 5D A2 
  2453)    26542.6  Rx      010B  8  0F 9E 0F 9A 0F A1 4B 4E 
  2454)    26545.6  Rx      010C  8  0F 9D 0F 99 0F A0 8B 3B 
  2455)    26548.6  Rx      010D  8  0F 9C 0F 98 0F 9F 9B 17 
  2456)    26551.6  Rx      010E  8  0F 9B 0F 97 0F 9E 98 53 
  2457)    26554.6  Rx      010F  8  0F 9A 0F A1 0F 9D 57 CE 
  2458)    26557.6  Rx      0110  8  0F 99 00 00 00 00 F8 1C 
  2459)    26566.2  Rx      0600  8  0A 66 01 00 00 40 00 00 
  2460)    26573.2  Rx      0626  8  33 0A FE 7F 50 13 00 00 
  2461)    26578.2  Rx      0610  8  03 00 BF 05 F6 05 5F 00 
  2462)    26607.2  Rx      0626  8  01 0A FE 7F 3C 13 00 00 
  2463)    26613.1  Rx      0618  8  00 01 00 64 88 13 5B 00 
  2464)    26615.6  Rx  1839F380  8  01 1C 23 1F 08 07 00 AF 
  2465)    26641.2  Rx      0626  8  73 0A FE 7F 15 13 00 00 
  2466)    26651.2  Rx      0615  8  13 00 56 00 00 00 00 00 
  2467)    26668.2  Rx      0600  8  0A 66 01 00 00 40 00 00 
  2468)    26675.2  Rx      0626  8  DB 09 FE 7F DF 12 00 00 
  2469)    26679.1  Rx      0610  8  03 00 9F 05 D4 05 5C 00 
  2470)    26709.2  Rx      0626  8  15 0A FE 7F C4 12 00 00 
  2471)    26714.2  Rx      0618  8  00 01 00 64 88 13 59 00 
  2472)    26715.6  Rx  1839F380  8  01 1C 23 1F 08 07 00 AF 
  2473)    26743.2  Rx      0626  8  19 0A FE 7F 9B 12 00 00 
  2474)    26770.2  Rx      0600  8  0A 66 01 00 00 40 00 00 
  2475)    26777.2  Rx      0626  8  FC 09 FE 7F 85 12 00 00 
  2476)    26780.2  Rx      0610  8  03 00 7F 05 B3 05 5B 00 
  2477)    26811.1  Rx      0626  8  61 0A FE 7F 65 12 00 00 
  2478)    26815.2  Rx      0618  8  00 01 00 64 8F 13 5B 00 
  2479)    26815.6  Rx  1839F380  8  01 1C 23 1F 08 07 00 AF 
  2480)    26845.1  Rx      0626  8  DF 09 FE 7F 2F 12 00 00 
  2481)    26865.2  Rx      0615  8  14 00 56 00 00 00 00 00 
  2482)    26872.2  Rx      0600  8  0A 66 01 00 00 40 00 00 
  2483)    26879.1  Rx      0626  8  7C 0A FE 7F 1B 12 00 00 
  2484)    26881.2  Rx      0610  8  03 00 60 05 93 05 59 00 
  2485)    26913.2  Rx      0626  8  DA 09 FE 7F E9 11 00 00 
  2486)    26915.6  Rx  1839F380  8  01 1C 23 1F 08 07 00 AF 
  2487)    26916.2  Rx      0618  8  00 01 00 64 7D 13 58 00 
  2488)    26947.2  Rx      0626  8  6F 0A FE 7F D5 11 00 00 
  2489)    26963.2  Rx      0625  8  00 00 00 00 32 00 00 00 
  2490)    26973.2  Rx      0628  8  0A 04 6F 00 20 00 00 00 
  2491)    26974.2  Rx      0600  8  0A 66 01 00 00 40 00 00 
  2492)    26981.2  Rx      0626  8  CF 09 FE 7F A5 11 00 00 
  2493)    26982.2  Rx      0610  8  03 00 41 05 73 05 56 00 
  2494)    27015.2  Rx      0626  8  5A 0A FE 7F 91 11 00 00 
  2495)    27015.6  Rx  1839F380  8  01 1C 23 1F 08 07 00 AF 
  2496)    27017.2  Rx      0618  8  00 01 00 64 86 13 54 00 
  2497)    27049.2  Rx      0626  8  FB 09 FE 7F 5B 11 00 00 
  2498)    27076.2  Rx      0600  8  0A 66 01 00 00 40 00 00 
  2499)    27083.2  Rx      0610  8  03 00 23 05 53 05 55 00 
  2500)    27083.3  Rx      0626  8  60 0A FE 7F 4E 11 00 00 
  2501)    27092.2  Rx      0615  8  13 00 56 00 00 00 00 00 
  2502)    27115.6  Rx  1839F380  8  01 1C 23 1F 08 07 00 AF 
  2503)    27117.1  Rx      0626  8  E9 09 FE 7F 1F 11 00 00 
  2504)    27118.2  Rx      0618  8  00 01 00 64 84 13 52 00 
  2505)    27151.2  Rx      0626  8  5D 0A FE 7F 0B 11 00 00 
  2506)    27178.2  Rx      0600  8  0A 66 01 00 00 40 00 00 
  2507)    27184.2  Rx      0610  8  03 00 06 05 35 05 53 00 
  2508)    27185.2  Rx      0626  8  DA 09 FE 7F D9 10 00 00 
  2509)    27215.6  Rx  1839F380  8  01 1C 23 1F 08 07 00 AF 
  2510)    27219.2  Rx      0618  8  00 01 00 64 89 13 51 00 
  2511)    27219.3  Rx      0626  8  13 0A FE 7F B8 10 00 00 
  2512)    27253.2  Rx      0626  8  01 0A FE 7F A1 10 00 00 
  2513)    27280.2  Rx      0600  8  0A 66 01 00 00 40 00 00 
  2514)    27285.2  Rx      0610  8  03 00 E9 04 17 05 51 00 
  2515)    27287.1  Rx      0626  8  02 0A FE 7F 73 10 00 00 
  2516)    27315.6  Rx  1839F380  8  01 1C 23 1F 08 07 00 AF 
  2517)    27320.2  Rx      0618  8  00 01 00 64 8C 13 52 00 
  2518)    27321.2  Rx      0626  8  70 0A FE 7F 69 10 00 00 
  2519)    27329.2  Rx      0615  8  14 00 56 00 00 00 00 00 
  2520)    27355.2  Rx      0626  8  E0 09 FE 7F 34 10 00 00 
  2521)    27374.2  Rx      0620  8  13 19 00 00 81 02 00 00 
  2522)    27382.2  Rx      0600  8  0A 66 01 00 00 40 00 00 
  2523)    27386.2  Rx      0610  8  03 00 CC 04 FA 04 4F 00 
  2524)    27389.2  Rx      0626  8  13 0A FE 7F 17 10 00 00 
  2525)    27415.6  Rx  1839F380  8  01 1C 23 1F 08 07 00 AF 
  2526)    27421.2  Rx      0618  8  00 01 00 64 88 13 4D 00 
  2527)    27423.2  Rx      0626  8  0B 0A FE 7F FF 0F 00 00 
  2528)    27457.2  Rx      0626  8  FD 09 FE 7F D7 0F 00 00 
  2529)    27484.2  Rx      0600  8  0A 66 01 00 00 40 00 00 
  2530)    27487.1  Rx      0610  8  03 00 B1 04 DD 04 4E 00 
  2531)    27491.2  Rx      0626  8  69 0A FE 7F BD 0F 00 00 
  2532)    27515.6  Rx  1839F380  8  01 1C 23 1F 08 07 00 AF 
  2533)    27515.6  Rx      0100  8  2B B5 FA 01 11 F8 10 E7 
  2534)    27518.6  Rx      0101  8  13 88 00 17 00 5C 9A 52 
  2535)    27521.6  Rx      0102  8  00 00 00 00 00 41 2B C0 
  2536)    27522.2  Rx      0618  8  00 01 00 64 8D 13 4B 00 
  2537)    27524.6  Rx      0104  4  1C 03 71 49 
  2538)    27525.2  Rx      0626  8  FE 09 FE 7F A4 0F 00 00 
  2539)    27527.6  Rx      0105  8  0B B0 0B BA 0B A6 31 E4 
  2540)    27530.6  Rx      0107  8  0F 97 0F 9E 0F 9A 58 92 
  2541)    27533.6  Rx      0108  8  0F A1 0F 9D 0F 99 5D EA 
  2542)    27536.6  Rx      0109  8  0F A0 0F 9C 0F 98 9D 47 
  2543)    27539.6  Rx      010A  8  0F 9F 0F 9B 0F 97 5D A2 
  2544)    27542.6  Rx      010B  8  0F 9E 0F 9A 0F A1 4B 4E 
  2545)    27545.6  Rx      010C  8  0F 9D 0F 99 0F A0 8B 3B 
  2546)    27548.6  Rx      010D  8  0F 9C 0F 98 0F 9F 9B 17 
  2547)    27551.6  Rx      010E  8  0F 9B 0F 97 0F 9E 98 53 
  2548)    27554.6  Rx      010F  8  0F 9A 0F A1 0F 9D 57 CE 
  2549)    27557.6  Rx      0110  8  0F 99 00 00 00 00 F8 1C 
  2550)    27559.2  Rx      0626  8  F2 09 FE 7F 7D 0F 00 00 
  2551)    27580.2  Rx      0615  8  13 00 56 00 00 00 00 00 
  2552)    27586.2  Rx      0600  8  0A 66 01 00 00 40 00 00 
  2553)    27588.2  Rx      0610  8  03 00 96 04 C1 04 4C 00 
  2554)    27593.2  Rx      0626  8  4D 0A FE 7F 5F 0F 00 00 
  2555)    27615.6  Rx  1839F380  8  01 1C 23 1F 08 07 00 AF 
  2556)    27623.2  Rx      0618  8  00 01 00 64 84 13 4C 00 
  2557)    27627.2  Rx      0626  8  1F 0A FE 7F 4B 0F 00 00 
  2558)    27661.2  Rx      0626  8  F9 09 FE 7F 21 0F 00 00 
  2559)    27688.1  Rx      0600  8  0A 66 01 00 00 40 00 00 
  2560)    27689.2  Rx      0610  8  03 00 7C 04 A6 04 4A 00 
  2561)    27695.2  Rx      0626  8  3D 0A FE 7F 03 0F 00 00 
  2562)    27715.6  Rx  1839F380  8  01 1C 23 1F 08 07 00 AF 
  2563)    27724.2  Rx      0618  8  00 01 00 64 89 13 49 00 
  2564)    27729.1  Rx      0626  8  4C 0A FE 7F FA 0E 00 00 
  2565)    27730.2  Rx      0628  8  0A 04 6F 00 21 00 00 00 
  2566)    27763.2  Rx      0626  8  11 0A FE 7F D9 0E 00 00 
  2567)    27790.2  Rx      0600  8  0A 66 01 00 00 40 00 00 
  2568)    27790.3  Rx      0610  8  03 00 62 04 8B 04 49 00 
  2569)    27797.2  Rx      0626  8  FC 09 FE 7F AF 0E 00 00 
  2570)    27815.6  Rx  1839F380  8  01 1C 23 1F 08 07 00 AF 
  2571)    27825.1  Rx      0618  8  00 01 00 64 8E 13 47 00 
  2572)    27831.2  Rx      0626  8  33 0A FE 7F 91 0E 00 00 
  2573)    27847.2  Rx      0615  8  14 00 56 00 00 00 00 00 
  2574)    27852.2  Rx      0625  8  00 00 00 00 32 00 00 00 
  2575)    27865.2  Rx      0626  8  5F 0A FE 7F 85 0E 00 00 
  2576)    27891.2  Rx      0610  8  03 00 48 04 71 04 47 00 
  2577)    27892.2  Rx      0600  8  0A 66 01 00 00 40 00 00 
  2578)    27899.1  Rx      0626  8  05 0A FE 7F 63 0E 00 00 
  2579)    27915.6  Rx  1839F380  8  01 1C 23 1F 08 07 00 AF 
  2580)    27926.2  Rx      0618  8  00 01 00 64 94 13 45 00 
  2581)    27933.2  Rx      0626  8  FB 09 FE 7F 38 0E 00 00 
  2582)    27967.2  Rx      0626  8  21 0A FE 7F 1E 0E 00 00 
  2583)    27992.1  Rx      0610  8  03 00 30 04 58 04 45 00 
  2584)    27994.1  Rx      0600  8  0A 66 01 00 00 40 00 00 
  2585)    28001.2  Rx      0626  8  39 0A FE 7F 10 0E 00 00 
  2586)    28015.6  Rx  1839F380  8  01 1C 23 1F 08 07 00 AF 
  2587)    28027.1  Rx      0618  8  00 01 00 64 8A 13 44 00 
  2588)    28035.1  Rx      0626  8  25 0A FE 7F FB 0D 00 00 
  2589)    28069.2  Rx      0626  8  F8 09 FE 7F D7 0D 00 00 
  2590)    28093.2  Rx      0610  8  03 00 18 04 3E 04 44 00 
  2591)    28096.2  Rx      0600  8  0A 66 01 00 00 40 00 00 
  2592)    28103.2  Rx      0626  8  EB 09 FE 7F B0 0D 00 00 
  2593)    28115.6  Rx  1839F380  8  01 1C 23 1F 08 07 00 AF 
  2594)    28128.2  Rx      0618  8  00 01 00 64 87 13 41 00 
  2595)    28130.2  Rx      0615  8  13 00 56 00 00 00 00 00 
  2596)    28137.2  Rx      0626  8  F0 09 FE 7F 99 0D 00 00 
  2597)    28171.2  Rx      0626  8  15 0A FE 7F 7B 0D 00 00 
  2598)    28194.2  Rx      0610  8  03 00 00 04 26 04 42 00 
  2599)    28198.1  Rx      0600  8  0A 66 01 00 00 40 00 00 
  2600)    28205.2  Rx      0626  8  3A 0A FE 7F 70 0D 00 00 
  2601)    28215.6  Rx  1839F380  8  01 1C 23 1F 08 07 00 AF 
  2602)    28229.1  Rx      0618  8  00 01 00 64 8B 13 41 00 
  2603)    28239.1  Rx      0626  8  27 0A FE 7F 58 0D 00 00 
  2604)    28273.2  Rx      0626  8  FF 09 FE 7F 35 0D 00 00 
  2605)    28295.2  Rx      0610  8  03 00 E8 03 0D 04 40 00 
  2606)    28300.1  Rx      0600  8  0A 66 01 00 00 40 00 00 
  2607)    28307.1  Rx      0626  8  FB 09 FE 7F 1D 0D 00 00 
  2608)    28315.6  Rx  1839F380  8  01 1C 23 1F 08 07 00 AF 
  2609)    28330.1  Rx      0618  8  00 01 00 64 99 13 40 00 
  2610)    28341.2  Rx      0626  8  ED 09 FE 7F F6 0C 00 00 
  2611)    28375.1  Rx      0620  8  14 19 00 00 82 02 00 00 
  2612)    28375.3  Rx      0626  8  EB 09 FE 7F DB 0C 00 00 
  2613)    28387.5  Rx      0037  3  00 00 00 
  2614)    28388.0  Rx      0030  8  07 40 00 04 00 00 00 40 
  2615)    28396.2  Rx      0610  8  03 00 D2 03 F6 03 3F 00 
  2616)    28402.1  Rx      0600  8  0A 66 01 00 00 40 00 00 
  2617)    28409.1  Rx      0626  8  E2 09 FE 7F C7 0C 00 00 
  2618)    28415.6  Rx  1839F380  8  01 1C 23 1F 08 07 00 AF 
  2619)    28431.2  Rx      0618  8  00 01 00 64 87 13 3D 00 
  2620)    28434.2  Rx      0615  8  13 00 56 00 00 00 00 00 
  2621)    28443.2  Rx      0626  8  0F 0A FE 7F A7 0C 00 00 
  2622)    28477.2  Rx      0626  8  0D 0A FE 7F 8F 0C 00 00 
  2623)    28487.1  Rx      0628  8  0A 04 6F 00 21 00 00 00 
  2624)    28497.1  Rx      0610  8  03 00 BB 03 DE 03 3D 00 
  2625)    28504.2  Rx      0600  8  0A 66 01 00 00 40 00 00 
  2626)    28511.1  Rx      0626  8  0A 0A FE 7F 7A 0C 00 00 
  2627)    28515.6  Rx  1839F380  8  01 1C 23 1F 08 07 00 AF 
  2628)    28515.6  Rx      0100  8  2B B5 F9 90 11 F8 B9 B6 
  2629)    28518.6  Rx      0101  8  13 88 00 17 00 5C 9A 52 
  2630)    28521.6  Rx      0102  8  00 00 00 00 00 00 1B 00 
  2631)    28524.6  Rx      0104  4  1C 03 71 49 
  2632)    28527.6  Rx      0105  8  0B B0 0B BA 0B A6 31 E4 
  2633)    28530.6  Rx      0107  8  0F 97 0F 9E 0F 9A 58 92 
  2634)    28532.1  Rx      0618  8  00 01 00 64 8E 13 3B 00 
  2635)    28533.6  Rx      0108  8  0F A1 0F 9D 0F 99 5D EA 
  2636)    28536.6  Rx      0109  8  0F A0 0F 9C 0F 98 9D 47 
  2637)    28539.6  Rx      010A  8  0F 9F 0F 9B 0F 97 5D A2 
  2638)    28542.6  Rx      010B  8  0F 9E 0F 9A 0F A1 4B 4E 
  2639)    28545.1  Rx      0626  8  19 0A FE 7F 61 0C 00 00 
  2640)    28545.6  Rx      010C  8  0F 9D 0F 99 0F A0 8B 3B 
  2641)    28548.6  Rx      010D  8  0F 9C 0F 98 0F 9F 9B 17 
  2642)    28551.6  Rx      010E  8  0F 9B 0F 97 0F 9E 98 53 
  2643)    28554.6  Rx      010F  8  0F 9A 0F A1 0F 9D 57 CE 
  2644)    28557.6  Rx      0110  8  0F 99 00 00 00 00 F8 1C 
  2645)    28579.1  Rx      0626  8  0C 0A FE 7F 59 0C 00 00 
  2646)    28598.1  Rx      0610  8  03 00 A5 03 C7 03 3C 00 
  2647)    28606.2  Rx      0600  8  0A 66 01 00 00 40 00 00 
  2648)    28613.1  Rx      0626  8  FF 09 FE 7F 40 0C 00 00 
  2649)    28615.6  Rx  1839F380  8  01 1C 23 1F 08 07 00 AF 
  2650)    28633.1  Rx      0618  8  00 01 00 64 95 13 39 00 
  2651)    28647.1  Rx      0626  8  FF 09 FE 7F 25 0C 00 00 
  2652)    28681.1  Rx      0626  8  F4 09 FE 7F 0B 0C 00 00 
  2653)    28699.1  Rx      0610  8  03 00 8F 03 B1 03 3A 00 
  2654)    28708.2  Rx      0600  8  0A 66 01 00 00 40 00 00 
  2655)    28715.1  Rx      0626  8  12 0A FE 7F F7 0B 00 00 
  2656)    28715.6  Rx  1839F380  8  01 1C 23 1F 08 07 00 AF 
  2657)    28734.1  Rx      0618  8  00 01 00 64 99 13 3D 00 
  2658)    28741.2  Rx      0625  8  00 00 00 00 32 00 00 00 
  2659)    28749.1  Rx      0626  8  D8 0A FE 7F E0 0B 00 00 
  2660)    28760.2  Rx      0615  8  14 00 56 00 00 00 00 00 
  2661)    28783.2  Rx      0626  8  3F 0B FE 7F C9 0B 00 00 
  2662)    28800.1  Rx      0610  8  04 00 7B 03 9C 03 3D 00 
  2663)    28810.2  Rx      0600  8  0A 66 01 00 00 40 00 00 
  2664)    28815.6  Rx  1839F380  8  01 1C 23 1F 08 07 00 AF 
  2665)    28817.1  Rx      0626  8  6D 0B FE 7F B8 0B 00 00 
  2666)    28835.2  Rx      0618  8  00 01 00 64 8C 13 40 00 
  2667)    28851.1  Rx      0626  8  81 0B FE 7F AA 0B 00 00 
  2668)    28885.2  Rx      0626  8  81 0B FE 7F 98 0B 00 00 
  2669)    28901.1  Rx      0610  8  04 00 6B 03 8C 03 40 00 
  2670)    28912.1  Rx      0600  8  0A 66 01 00 00 40 00 00 
  2671)    28915.6  Rx  1839F380  8  01 1C 23 1F 08 07 00 AF 
  2672)    28919.1  Rx      0626  8  8A 0B FE 7F 85 0B 00 00 
  2673)    28936.1  Rx      0618  8  00 01 00 64 87 13 3F 00 
  2674)    28953.1  Rx      0626  8  80 0B FE 7F 73 0B 00 00 
  2675)    28987.2  Rx      0626  8  7F 0B FE 7F 64 0B 00 00 
  2676)    29002.2  Rx      0610  8  04 00 5D 03 7C 03 3F 00 
  2677)    29014.1  Rx      0600  8  0A 66 01 00 00 40 00 00 
  2678)    29015.6  Rx  1839F380  8  01 1C 23 1F 08 07 00 AF 
  2679)    29021.2  Rx      0626  8  87 0B FE 7F 54 0B 00 00 
  2680)    29037.1  Rx      0618  8  00 01 00 64 8C 13 3E 00 
  2681)    29055.2  Rx      0626  8  77 0B FE 7F 46 0B 00 00 
  2682)    29089.1  Rx      0626  8  6F 0B FE 7F 27 0B 00 00 
  2683)    29103.2  Rx      0610  8  04 00 4F 03 6E 03 3E 00 
  2684)    29108.2  Rx      0615  8  16 00 56 00 00 00 00 00 
  2685)    29115.6  Rx  1839F380  8  01 1C 23 1F 08 07 00 AF 
  2686)    29116.2  Rx      0600  8  0A 66 01 00 00 40 00 00 
  2687)    29123.2  Rx      0626  8  62 0B FE 7F 18 0B 00 00 
  2688)    29138.1  Rx      0618  8  00 01 00 64 91 13 3C 00 
  2689)    29157.2  Rx      0626  8  37 0B FE 7F 03 0B 00 00 
  2690)    29191.1  Rx      0626  8  3C 0B FE 7F F5 0A 00 00 
  2691)    29204.1  Rx      0610  8  04 00 40 03 5F 03 3C 00 
  2692)    29215.6  Rx  1839F380  8  01 1C 23 1F 08 07 00 AF 
  2693)    29218.2  Rx      0600  8  0A 66 01 00 00 40 00 00 
  2694)    29225.1  Rx      0626  8  24 0B FE 7F E8 0A 00 00 
  2695)    29239.2  Rx      0618  8  00 01 00 64 99 13 3B 00 
  2696)    29244.1  Rx      0628  8  0A 04 6F 00 20 00 00 00 
  2697)    29259.2  Rx      0626  8  22 0B FE 7F D9 0A 00 00 
  2698)    29293.2  Rx      0626  8  1B 0B FE 7F C2 0A 00 00 
  2699)    29305.1  Rx      0610  8  04 00 32 03 50 03 3B 00 
  2700)    29315.6  Rx  1839F380  8  01 1C 23 1F 08 07 00 AF 
  2701)    29320.1  Rx      0600  8  0A 66 01 00 00 40 00 00 
  2702)    29327.2  Rx      0626  8  32 0B FE 7F C2 0A 00 00 
  2703)    29340.1  Rx      0618  8  00 01 00 64 8C 13 3A 00 
  2704)    29361.1  Rx      0626  8  2F 0B FE 7F B3 0A 00 00 
  2705)    29376.2  Rx      0620  8  14 19 00 00 82 02 00 00 
  2706)    29395.1  Rx      0626  8  1A 0B FE 7F A1 0A 00 00 
  2707)    29406.1  Rx      0610  8  04 00 25 03 43 03 3A 00 
  2708)    29415.6  Rx  1839F380  8  01 1C 23 1F 08 07 00 AF 
  2709)    29422.2  Rx      0600  8  0A 66 01 00 00 40 00 00 
  2710)    29429.1  Rx      0626  8  3D 0B FE 7F 93 0A 00 00 
  2711)    29441.1  Rx      0618  8  00 01 00 64 8B 13 39 00 
  2712)    29463.2  Rx      0626  8  37 0B FE 7F 88 0A 00 00 
  2713)    29478.2  Rx      0615  8  16 00 56 00 00 00 00 00 
  2714)    29497.2  Rx      0626  8  3D 0B FE 7F 6A 0A 00 00 
  2715)    29507.1  Rx      0610  8  04 00 17 03 34 03 39 00 
  2716)    29515.6  Rx  1839F380  8  01 1C 23 1F 08 07 00 AF 
  2717)    29515.6  Rx      0100  8  2B B5 F9 3C 11 F8 98 76 
  2718)    29518.6  Rx      0101  8  13 88 00 17 00 5C 9A 52 
  2719)    29521.6  Rx      0102  8  00 00 00 00 00 00 1B 00 
  2720)    29524.1  Rx      0600  8  0A 66 01 00 00 40 00 00 
  2721)    29524.6  Rx      0104  4  1C 03 71 49 
  2722)    29527.6  Rx      0105  8  0B B0 0B BA 0B A6 31 E4 
  2723)    29530.6  Rx      0107  8  0F 97 0F 9E 0F 9A 58 92 
  2724)    29531.2  Rx      0626  8  34 0B FE 7F 5A 0A 00 00 
  2725)    29533.6  Rx      0108  8  0F A1 0F 9D 0F 99 5D EA 
  2726)    29536.6  Rx      0109  8  0F A0 0F 9C 0F 98 9D 47 
  2727)    29539.6  Rx      010A  8  0F 9F 0F 9B 0F 97 5D A2 
  2728)    29542.2  Rx      0618  8  00 01 00 64 96 13 38 00 
  2729)    29542.6  Rx      010B  8  0F 9E 0F 9A 0F A1 4B 4E 
  2730)    29545.6  Rx      010C  8  0F 9D 0F 99 0F A0 8B 3B 
  2731)    29548.6  Rx      010D  8  0F 9C 0F 98 0F 9F 9B 17 
  2732)    29551.6  Rx      010E  8  0F 9B 0F 97 0F 9E 98 53 
  2733)    29554.6  Rx      010F  8  0F 9A 0F A1 0F 9D 57 CE 
  2734)    29557.6  Rx      0110  8  0F 99 00 00 00 00 F8 1C 
  2735)    29565.2  Rx      0626  8  30 0B FE 7F 48 0A 00 00 
  2736)    29599.2  Rx      0626  8  1C 0B FE 7F 3B 0A 00 00 
  2737)    29608.2  Rx      0610  8  04 00 09 03 26 03 38 00 
  2738)    29615.6  Rx  1839F380  8  01 1C 23 1F 08 07 00 AF 
  2739)    29626.1  Rx      0600  8  0A 66 01 00 00 40 00 00 
  2740)    29630.1  Rx      0625  8  00 00 00 00 32 00 00 00 
  2741)    29633.1  Rx      0626  8  1A 0B FE 7F 36 0A 00 00 
  2742)    29643.2  Rx      0618  8  00 01 00 64 8C 13 37 00 
  2743)    29667.1  Rx      0626  8  1A 0B FE 7F 22 0A 00 00 
  2744)    29701.1  Rx      0626  8  18 0B FE 7F 1B 0A 00 00 
  2745)    29709.1  Rx      0610  8  04 00 FC 02 18 03 37 00 
  2746)    29715.6  Rx  1839F380  8  01 1C 23 1F 08 07 00 AF 
  2747)    29728.2  Rx      0600  8  0A 66 01 00 00 40 00 00 
  2748)    29735.2  Rx      0626  8  29 0B FE 7F 09 0A 00 00 
  2749)    29744.1  Rx      0618  8  00 01 00 64 91 13 36 00 
  2750)    29769.1  Rx      0626  8  28 0B FE 7F ED 09 00 00 
  2751)    29803.1  Rx      0626  8  2A 0B FE 7F DD 09 00 00 
  2752)    29810.1  Rx      0610  8  04 00 EE 02 0A 03 36 00 
  2753)    29815.6  Rx  1839F380  8  01 1C 23 1F 08 07 00 AF 
  2754)    29830.2  Rx      0600  8  0A 66 01 00 00 40 00 00 
  2755)    29837.2  Rx      0626  8  22 0B FE 7F CD 09 00 00 
  2756)    29845.1  Rx      0618  8  00 01 00 64 93 13 35 00 
  2757)    29871.1  Rx      0626  8  0D 0B FE 7F C7 09 00 00 
  2758)    29872.2  Rx      0615  8  16 00 56 00 00 00 00 00 
  2759)    29905.1  Rx      0626  8  1F 0B FE 7F B9 09 00 00 
  2760)    29911.1  Rx      0610  8  04 00 E2 02 FD 02 35 00 
  2761)    29915.6  Rx  1839F380  8  01 1C 23 1F 08 07 00 AF 
  2762)    29932.1  Rx      0600  8  0A 66 01 00 00 40 00 00 
  2763)    29939.2  Rx      0626  8  2D 0B FE 7F AF 09 00 00 
  2764)    29946.0  Rx      0618  8  00 01 00 64 90 13 34 00 
  2765)    29973.2  Rx      0626  8  24 0B FE 7F 94 09 00 00 
  2766)    30001.2  Rx      0628  8  0D 04 6F 00 21 00 00 00 
  2767)    30007.2  Rx      0626  8  27 0B FE 7F 83 09 00 00 
  2768)    30012.1  Rx      0610  8  04 00 D4 02 EE 02 34 00 
  2769)    30015.6  Rx  1839F380  8  01 1C 23 1F 08 07 00 AF 
  2770)    30034.1  Rx      0600  8  0A 66 01 00 00 40 00 00 
  2771)    30041.2  Rx      0626  8  0E 0B FE 7F 6F 09 00 00 
  2772)    30047.2  Rx      0618  8  00 01 00 64 9B 13 33 00 
  2773)    30075.1  Rx      0626  8  11 0B FE 7F 67 09 00 00 
  2774)    30109.1  Rx      0626  8  2B 0B FE 7F 61 09 00 00 
  2775)    30113.2  Rx      0610  8  04 00 C6 02 E0 02 33 00 
  2776)    30115.6  Rx  1839F380  8  01 1C 23 1F 08 07 00 AF 
  2777)    30136.2  Rx      0600  8  0A 66 01 00 00 40 00 00 
  2778)    30143.2  Rx      0626  8  26 0B FE 7F 44 09 00 00 
  2779)    30148.1  Rx      0618  8  00 01 00 64 8F 13 32 00 
  2780)    30177.2  Rx      0626  8  27 0B FE 7F 33 09 00 00 
  2781)    30211.2  Rx      0626  8  1D 0B FE 7F 31 09 00 00 
  2782)    30214.1  Rx      0610  8  04 00 B8 02 D2 02 32 00 
  2783)    30215.6  Rx  1839F380  8  01 1C 23 1F 08 07 00 AF 
  2784)    30238.2  Rx      0600  8  0A 66 01 00 00 40 00 00 
  2785)    30245.1  Rx      0626  8  1D 0B FE 7F 1F 09 00 00 
  2786)    30249.2  Rx      0618  8  00 01 00 64 91 13 31 00 
  2787)    30279.2  Rx      0626  8  29 0B FE 7F 17 09 00 00 
  2788)    30298.2  Rx      0615  8  15 00 56 00 00 00 00 00 
  2789)    30313.1  Rx      0626  8  23 0B FE 7F FB 08 00 00 
  2790)    30315.1  Rx      0610  8  04 00 AC 02 C5 02 31 00 
  2791)    30315.6  Rx  1839F380  8  01 1C 23 1F 08 07 00 AF 
  2792)    30340.1  Rx      0600  8  0A 66 01 00 00 40 00 00 
  2793)    30347.2  Rx      0626  8  14 0B FE 7F ED 08 00 00 
  2794)    30350.1  Rx      0618  8  00 01 00 64 9C 13 31 00 
  2795)    30377.1  Rx      0620  8  14 19 00 00 82 02 00 00 
  2796)    30381.1  Rx      0626  8  12 0B FE 7F EB 08 00 00 
  2797)    30386.9  Rx      0037  3  00 00 00 
  2798)    30387.5  Rx      0030  8  07 40 00 04 00 00 00 41 
  2799)    30415.1  Rx      0626  8  25 0B FE 7F E6 08 00 00 
  2800)    30415.6  Rx  1839F380  8  01 1C 23 1F 08 07 00 AF 
  2801)    30416.1  Rx      0610  8  04 00 A1 02 BA 02 30 00 
  2802)    30442.1  Rx      0600  8  0A 66 01 00 00 40 00 00 
  2803)    30449.1  Rx      0626  8  20 0B FE 7F CA 08 00 00 
  2804)    30451.1  Rx      0618  8  00 01 00 64 99 13 30 00 
  2805)    30483.1  Rx      0626  8  18 0B FE 7F BB 08 00 00 
  2806)    30515.6  Rx  1839F380  8  01 1C 23 1F 08 07 00 AF 
  2807)    30515.6  Rx      0100  8  2B 90 F9 08 11 C6 41 FB 
  2808)    30517.1  Rx      0610  8  04 00 96 02 AE 02 30 00 
  2809)    30517.2  Rx      0626  8  18 0B FE 7F B8 08 00 00 
  2810)    30518.6  Rx      0101  8  13 88 00 17 00 5B 58 13 
  2811)    30519.1  Rx      0625  8  00 00 00 00 32 00 00 00 
  2812)    30521.6  Rx      0102  8  00 00 00 00 00 00 1B 00 
  2813)    30524.6  Rx      0104  4  1C 03 71 49 
  2814)    30527.6  Rx      0105  8  0B B0 0B BA 0B A6 31 E4 
  2815)    30530.6  Rx      0107  8  0F 8A 0F 91 0F 8D 57 0E 
  2816)    30533.6  Rx      0108  8  0F 94 0F 90 0F 8C 55 36 
  2817)    30536.6  Rx      0109  8  0F 93 0F 8F 0F 8B 91 F3 
  2818)    30539.6  Rx      010A  8  0F 92 0F 8E 0F 8A 51 5E 
  2819)    30542.6  Rx      010B  8  0F 91 0F 8D 0F 94 59 6A 
  2820)    30544.2  Rx      0600  8  0A 66 01 00 00 40 00 00 
  2821)    30545.6  Rx      010C  8  0F 90 0F 8C 0F 93 9B 47 
  2822)    30548.6  Rx      010D  8  0F 8F 0F 8B 0F 92 58 A2 
  2823)    30551.1  Rx      0626  8  1B 0B FE 7F B2 08 00 00 
  2824)    30551.6  Rx      010E  8  0F 8E 0F 8A 0F 91 59 8E 
  2825)    30552.1  Rx      0618  8  00 01 00 64 97 13 2F 00 
  2826)    30554.6  Rx      010F  8  0F 8D 0F 94 0F 90 9F 6B 
  2827)    30557.6  Rx      0110  8  0F 8C 00 00 00 00 3B 11 
  2828)    30585.2  Rx      0626  8  1F 0B FE 7F 98 08 00 00 
  2829)    30615.6  Rx  1839F380  8  01 1C 23 1F 08 07 00 AF 
  2830)    30618.1  Rx      0610  8  04 00 8B 02 A3 02 2F 00 
  2831)    30619.1  Rx      0626  8  11 0B FE 7F 8A 08 00 00 
  2832)    30646.1  Rx      0600  8  0A 66 01 00 00 40 00 00 
  2833)    30653.1  Rx      0618  8  00 01 00 64 94 13 2E 00 
  2834)    30653.2  Rx      0626  8  1C 0B FE 7F 89 08 00 00 
  2835)    30687.1  Rx      0626  8  25 0B FE 7F 81 08 00 00 
  2836)    30715.6  Rx  1839F380  8  01 1C 23 1F 08 07 00 AF 
  2837)    30719.1  Rx      0610  8  04 00 80 02 98 02 2E 00 
  2838)    30721.1  Rx      0626  8  22 0B FE 7F 6D 08 00 00 
  2839)    30748.1  Rx      0600  8  0A 66 01 00 00 40 00 00 
  2840)    30754.2  Rx      0618  8  00 01 00 64 91 13 2D 00 
  2841)    30755.1  Rx      0626  8  11 0B FE 7F 66 08 00 00 
  2842)    30758.1  Rx      0628  8  0A 04 6F 00 20 00 00 00 
  2843)    30758.2  Rx      0615  8  16 00 56 00 00 00 00 00 
  2844)    30789.2  Rx      0626  8  25 0B FE 7F 62 08 00 00 
  2845)    30815.6  Rx  1839F380  8  01 1C 23 1F 08 07 00 AF 
  2846)    30820.1  Rx      0610  8  04 00 76 02 8D 02 2D 00 
  2847)    30823.2  Rx      0626  8  21 0B FE 7F 49 08 00 00 
  2848)    30850.2  Rx      0600  8  0A 66 01 00 00 40 00 00 
  2849)    30855.2  Rx      0618  8  00 01 00 64 A1 13 2D 00 
  2850)    30857.1  Rx      0626  8  13 0B FE 7F 3B 08 00 00 
  2851)    30891.2  Rx      0626  8  18 0B FE 7F 39 08 00 00 
  2852)    30915.6  Rx  1839F380  8  01 1C 23 1F 08 07 00 AF 
  2853)    30921.1  Rx      0610  8  04 00 6D 02 83 02 2D 00 
  2854)    30925.0  Rx      0626  8  20 0B FE 7F 2B 08 00 00 
  2855)    30952.1  Rx      0600  8  0A 66 01 00 00 40 00 00 
  2856)    30956.2  Rx      0618  8  00 01 00 64 8F 13 2C 00 
  2857)    30959.1  Rx      0626  8  1C 0B FE 7F 1B 08 00 00 
  2858)    30993.0  Rx      0626  8  14 0B FE 7F 18 08 00 00 
  2859)    31015.6  Rx  1839F380  8  01 1C 23 1F 08 07 00 AF 
  2860)    31022.0  Rx      0610  8  04 00 63 02 79 02 2C 00 
  2861)    31027.1  Rx      0626  8  1E 0B FE 7F 13 08 00 00 
  2862)    31054.0  Rx      0600  8  0A 66 01 00 00 40 00 00 
  2863)    31057.1  Rx      0618  8  00 01 00 64 90 13 2B 00 
  2864)    31061.1  Rx      0626  8  14 0B FE 7F FF 07 00 00 
  2865)    31095.1  Rx      0626  8  16 0B FE 7F F9 07 00 00 
  2866)    31115.6  Rx  1839F380  8  01 1C 23 1F 08 07 00 AF 
  2867)    31123.1  Rx      0610  8  04 00 5A 02 70 02 2B 00 
  2868)    31129.1  Rx      0626  8  14 0B FE 7F F2 07 00 00 
  2869)    31156.1  Rx      0600  8  0A 66 01 00 00 40 00 00 
  2870)    31158.0  Rx      0618  8  00 01 00 64 9C 13 2B 00 
  2871)    31163.0  Rx      0626  8  17 0B FE 7F DF 07 00 00 
  2872)    31197.0  Rx      0626  8  09 0B FE 7F DB 07 00 00 
  2873)    31215.6  Rx  1839F380  8  01 1C 23 1F 08 07 00 AF 
  2874)    31224.1  Rx      0610  8  04 00 51 02 67 02 2B 00 
  2875)    31231.0  Rx      0626  8  1B 0B FE 7F D6 07 00 00 
  2876)    31252.1  Rx      0615  8  16 00 56 00 00 00 00 00 
  2877)    31258.0  Rx      0600  8  0A 66 01 00 00 40 00 00 
  2878)    31259.1  Rx      0618  8  00 01 00 64 8D 13 2A 00 
  2879)    31265.1  Rx      0626  8  14 0B FE 7F BF 07 00 00 
  2880)    31299.0  Rx      0626  8  0F 0B FE 7F BD 07 00 00 
  2881)    31315.6  Rx  1839F380  8  01 1C 23 1F 08 07 00 AF 
  2882)    31325.1  Rx      0610  8  04 00 48 02 5E 02 2A 00 
  2883)    31333.0  Rx      0626  8  16 0B FE 7F B5 07 00 00 
  2884)    31360.0  Rx      0600  8  0A 66 01 00 00 40 00 00 
  2885)    31360.1  Rx      0618  8  00 01 00 64 93 13 29 00 
  2886)    31367.0  Rx      0626  8  1E 0B FE 7F A5 07 00 00 
  2887)    31378.1  Rx      0620  8  14 19 00 00 82 02 00 00 
  2888)    31401.1  Rx      0626  8  0F 0B FE 7F A1 07 00 00 
  2889)    31408.1  Rx      0625  8  00 00 00 00 32 00 00 00 
  2890)    31415.6  Rx  1839F380  8  01 1C 23 1F 08 07 00 AF 
  2891)    31426.1  Rx      0610  8  04 00 40 02 55 02 29 00 
  2892)    31435.1  Rx      0626  8  15 0B FE 7F 9B 07 00 00 
  2893)    31461.1  Rx      0618  8  00 01 00 64 98 13 29 00 
  2894)    31462.0  Rx      0600  8  0A 66 01 00 00 40 00 00 
  2895)    31469.1  Rx      0626  8  08 0B FE 7F 85 07 00 00 
  2896)    31503.1  Rx      0626  8  11 0B FE 7F 83 07 00 00 
  2897)    31515.1  Rx      0628  8  0A 04 6F 00 21 00 00 00 
  2898)    31515.6  Rx  1839F380  8  01 1C 23 1F 08 07 00 AF 
  2899)    31515.6  Rx      0100  8  2B 90 F8 F8 11 C6 8E FA 
  2900)    31518.6  Rx      0101  8  13 88 00 17 00 5B 58 13 
  2901)    31521.6  Rx      0102  8  00 00 00 00 00 00 1B 00 
  2902)    31524.6  Rx      0104  4  1C 03 71 49 
  2903)    31527.0  Rx      0610  8  04 00 37 02 4C 02 29 00 
  2904)    31527.6  Rx      0105  8  0B B0 0B BA 0B A6 31 E4 
  2905)    31530.6  Rx      0107  8  0F 8A 0F 91 0F 8D 57 0E 
  2906)    31533.6  Rx      0108  8  0F 94 0F 90 0F 8C 55 36 
  2907)    31536.6  Rx      0109  8  0F 93 0F 8F 0F 8B 91 F3 
  2908)    31537.0  Rx      0626  8  10 0B FE 7F 75 07 00 00 
  2909)    31539.6  Rx      010A  8  0F 92 0F 8E 0F 8A 51 5E 
  2910)    31542.6  Rx      010B  8  0F 91 0F 8D 0F 94 59 6A 
  2911)    31545.6  Rx      010C  8  0F 90 0F 8C 0F 93 9B 47 
  2912)    31548.6  Rx      010D  8  0F 8F 0F 8B 0F 92 58 A2 
  2913)    31551.6  Rx      010E  8  0F 8E 0F 8A 0F 91 59 8E 
  2914)    31554.6  Rx      010F  8  0F 8D 0F 94 0F 90 9F 6B 
  2915)    31557.6  Rx      0110  8  0F 8C 00 00 00 00 3B 11 
  2916)    31562.0  Rx      0618  8  00 01 00 64 92 13 28 00 
  2917)    31564.1  Rx      0600  8  0A 66 01 00 00 40 00 00 
  2918)    31571.0  Rx      0626  8  14 0B FE 7F 68 07 00 00 
  2919)    31605.1  Rx      0626  8  1E 0B FE 7F 6F 07 00 00 
  2920)    31615.6  Rx  1839F380  8  01 1C 23 1F 08 07 00 AF 
  2921)    31628.0  Rx      0610  8  04 00 2F 02 44 02 28 00 
  2922)    31639.0  Rx      0626  8  16 0B FE 7F 57 07 00 00 
  2923)    31663.0  Rx      0618  8  00 01 00 64 95 13 28 00 
  2924)    31666.0  Rx      0600  8  0A 66 01 00 00 40 00 00 
  2925)    31673.0  Rx      0626  8  16 0B FE 7F 56 07 00 00 
  2926)    31707.1  Rx      0626  8  1C 0B FE 7F 50 07 00 00 
  2927)    31715.6  Rx  1839F380  8  01 1C 23 1F 08 07 00 AF 
  2928)    31729.1  Rx      0610  8  04 00 27 02 3C 02 28 00 
  2929)    31741.0  Rx      0626  8  0F 0B FE 7F 3D 07 00 00 
  2930)    31764.1  Rx      0618  8  00 01 00 64 93 13 27 00 
  2931)    31768.0  Rx      0600  8  0A 66 01 00 00 40 00 00 
  2932)    31775.0  Rx      0626  8  10 0B FE 7F 3D 07 00 00 
  2933)    31784.1  Rx      0615  8  16 00 56 00 00 00 00 00 
  2934)    31809.0  Rx      0626  8  13 0B FE 7F 2C 07 00 00 
  2935)    31815.6  Rx  1839F380  8  01 1C 23 1F 08 07 00 AF 
  2936)    31830.0  Rx      0610  8  04 00 20 02 34 02 27 00 
  2937)    31843.0  Rx      0626  8  16 0B FE 7F 24 07 00 00 
  2938)    31865.0  Rx      0618  8  00 01 00 64 A0 13 27 00 
  2939)    31870.1  Rx      0600  8  0A 66 01 00 00 40 00 00 
  2940)    31877.0  Rx      0626  8  1C 0B FE 7F 27 07 00 00 
  2941)    31911.0  Rx      0626  8  17 0B FE 7F 10 07 00 00 
  2942)    31915.6  Rx  1839F380  8  01 1C 23 1F 08 07 00 AF 
  2943)    31931.0  Rx      0610  8  04 00 18 02 2C 02 27 00 
  2944)    31945.0  Rx      0626  8  0E 0B FE 7F 12 07 00 00 
  2945)    31966.0  Rx      0618  8  00 01 00 64 97 13 26 00 
  2946)    31972.0  Rx      0600  8  0A 66 01 00 00 40 00 00 
  2947)    31979.1  Rx      0626  8  13 0B FE 7F 05 07 00 00 
  2948)    32013.1  Rx      0626  8  12 0B FE 7F F6 06 00 00 
  2949)    32015.6  Rx  1839F380  8  01 1C 23 1F 08 07 00 AF 
  2950)    32032.1  Rx      0610  8  04 00 11 02 24 02 26 00 
  2951)    32047.0  Rx      0626  8  22 0B FE 7F FF 06 00 00 
  2952)    32067.1  Rx      0618  8  00 01 00 64 A3 13 26 00 
  2953)    32074.1  Rx      0600  8  0A 66 01 00 00 40 00 00 
  2954)    32081.0  Rx      0626  8  17 0B FE 7F E7 06 00 00 
  2955)    32115.1  Rx      0626  8  12 0B FE 7F E7 06 00 00 
  2956)    32115.6  Rx  1839F380  8  01 1C 23 1F 08 07 00 AF 
  2957)    32133.1  Rx      0610  8  04 00 0A 02 1D 02 26 00 
  2958)    32149.1  Rx      0626  8  1A 0B FE 7F DA 06 00 00 
  2959)    32168.1  Rx      0618  8  00 01 00 64 93 13 25 00 
  2960)    32176.0  Rx      0600  8  0A 66 01 00 00 40 00 00 
  2961)    32183.1  Rx      0626  8  10 0B FE 7F D2 06 00 00 
  2962)    32215.6  Rx  1839F380  8  01 1C 23 1F 08 07 00 AF 
  2963)    32217.0  Rx      0626  8  14 0B FE 7F D5 06 00 00 
  2964)    32234.0  Rx      0610  8  04 00 03 02 16 02 25 00 
  2965)    32251.0  Rx      0626  8  14 0B FE 7F C3 06 00 00 
  2966)    32269.0  Rx      0618  8  00 01 00 64 8F 13 25 00 
  2967)    32272.0  Rx      0628  8  0D 04 6F 00 21 00 00 00 
  2968)    32278.1  Rx      0600  8  0A 66 01 00 00 40 00 00 
  2969)    32285.0  Rx      0626  8  11 0B FE 7F C8 06 00 00 
  2970)    32297.1  Rx      0625  8  00 00 00 00 32 00 00 00 
  2971)    32315.6  Rx  1839F380  8  01 1C 23 1F 08 07 00 AF 
  2972)    32319.1  Rx      0626  8  1A 0B FE 7F B2 06 00 00 
  2973)    32335.1  Rx      0610  8  04 00 FC 01 0F 02 25 00 
  2974)    32353.0  Rx      0626  8  1B 0B FE 7F B4 06 00 00 
  2975)    32359.1  Rx      0615  8  16 00 56 00 00 00 00 00 
  2976)    32370.0  Rx      0618  8  00 01 00 64 94 13 24 00 
  2977)    32379.1  Rx      0620  8  14 19 00 00 82 02 00 00 
  2978)    32380.1  Rx      0600  8  0A 66 01 00 00 40 00 00 
  2979)    32387.0  Rx      0626  8  0F 0B FE 7F A6 06 00 00 
  2980)    32389.0  Rx      0037  3  00 00 00 
  2981)    32389.5  Rx      0030  8  07 40 00 04 00 00 00 42 
  2982)    32415.6  Rx  1839F380  8  01 1C 23 1F 08 07 00 AF 
  2983)    32421.0  Rx      0626  8  14 0B FE 7F 9D 06 00 00 
  2984)    32436.0  Rx      0610  8  04 00 F6 01 08 02 24 00 
  2985)    32455.0  Rx      0626  8  18 0B FE 7F A0 06 00 00 
  2986)    32471.0  Rx      0618  8  00 01 00 64 A3 13 24 00 
  2987)    32482.1  Rx      0600  8  0A 66 01 00 00 40 00 00 
  2988)    32489.1  Rx      0626  8  14 0B FE 7F 8F 06 00 00 
  2989)    32515.6  Rx  1839F380  8  01 1C 23 1F 08 07 00 AF 
  2990)    32515.6  Rx      0100  8  2B 90 F9 0E 11 C6 40 1B 
  2991)    32518.6  Rx      0101  8  13 88 00 17 00 5B 58 13 
  2992)    32521.6  Rx      0102  8  00 00 00 00 00 00 1B 00 
  2993)    32523.0  Rx      0626  8  11 0B FE 7F 93 06 00 00 
  2994)    32524.6  Rx      0104  4  1C 03 71 49 
  2995)    32527.6  Rx      0105  8  0B B0 0B BA 0B A6 31 E4 
  2996)    32530.6  Rx      0107  8  0F 8A 0F 91 0F 8D 57 0E 
  2997)    32533.6  Rx      0108  8  0F 94 0F 90 0F 8C 55 36 
  2998)    32536.6  Rx      0109  8  0F 93 0F 8F 0F 8B 91 F3 
  2999)    32537.1  Rx      0610  8  04 00 F0 01 02 02 24 00 
  3000)    32539.6  Rx      010A  8  0F 92 0F 8E 0F 8A 51 5E 
  3001)    32542.6  Rx      010B  8  0F 91 0F 8D 0F 94 59 6A 
  3002)    32545.6  Rx      010C  8  0F 90 0F 8C 0F 93 9B 47 
  3003)    32548.6  Rx      010D  8  0F 8F 0F 8B 0F 92 58 A2 
  3004)    32551.6  Rx      010E  8  0F 8E 0F 8A 0F 91 59 8E 
  3005)    32554.6  Rx      010F  8  0F 8D 0F 94 0F 90 9F 6B 
  3006)    32557.0  Rx      0626  8  15 0B FE 7F 80 06 00 00 
  3007)    32557.6  Rx      0110  8  0F 8C 00 00 00 00 3B 11 
  3008)    32572.0  Rx      0618  8  00 01 00 64 96 13 23 00 
  3009)    32584.1  Rx      0600  8  0A 66 01 00 00 40 00 00 
  3010)    32591.0  Rx      0626  8  16 0B FE 7F 80 06 00 00 
  3011)    32615.6  Rx  1839F380  8  01 1C 23 1F 08 07 00 AF 
  3012)    32625.0  Rx      0626  8  1C 0B FE 7F 74 06 00 00 
  3013)    32638.1  Rx      0610  8  04 00 E9 01 FB 01 23 00 
  3014)    32659.0  Rx      0626  8  12 0B FE 7F 74 06 00 00 
  3015)    32673.0  Rx      0618  8  00 01 00 64 99 13 23 00 
  3016)    32686.1  Rx      0600  8  0A 66 01 00 00 40 00 00 
  3017)    32693.0  Rx      0626  8  0F 0B FE 7F 69 06 00 00 
  3018)    32715.6  Rx  1839F380  8  01 1C 23 1F 08 07 00 AF 
  3019)    32727.0  Rx      0626  8  0F 0B FE 7F 5E 06 00 00 
  3020)    32739.0  Rx      0610  8  04 00 E3 01 F5 01 23 00 
  3021)    32761.0  Rx      0626  8  1B 0B FE 7F 62 06 00 00 
  3022)    32774.0  Rx      0618  8  00 01 00 64 95 13 22 00 
  3023)    32788.1  Rx      0600  8  0A 66 01 00 00 40 00 00 
  3024)    32795.1  Rx      0626  8  0B 0B FE 7F 51 06 00 00 
  3025)    32815.6  Rx  1839F380  8  01 1C 23 1F 08 07 00 AF 
  3026)    32829.0  Rx      0626  8  0E 0B FE 7F 58 06 00 00 
  3027)    32840.0  Rx      0610  8  04 00 DE 01 EF 01 22 00 
  3028)    32863.1  Rx      0626  8  12 0B FE 7F 48 06 00 00 
  3029)    32875.0  Rx      0618  8  00 01 00 64 97 13 22 00 
  3030)    32890.0  Rx      0600  8  0A 66 01 00 00 40 00 00 
  3031)    32897.0  Rx      0626  8  13 0B FE 7F 4B 06 00 00 
  3032)    32915.6  Rx  1839F380  8  01 1C 23 1F 08 07 00 AF 
  3033)    32931.0  Rx      0626  8  20 0B FE 7F 3C 06 00 00 
  3034)    32941.0  Rx      0610  8  04 00 D8 01 E9 01 22 00 
  3035)    32965.0  Rx      0626  8  14 0B FE 7F 3B 06 00 00 
  3036)    32976.0  Rx      0618  8  00 01 00 64 A6 13 22 00 
  3037)    32979.1  Rx      0615  8  16 00 56 00 00 00 00 00 
  3038)    32992.1  Rx      0600  8  0A 66 01 00 00 40 00 00 
  3039)    32999.1  Rx      0626  8  1B 0B FE 7F 2C 06 00 00 
  3040)    33015.6  Rx  1839F380  8  01 1C 23 1F 08 07 00 AF 
  3041)    33029.1  Rx      0628  8  0A 04 6F 00 21 00 00 00 
  3042)    33033.0  Rx      0626  8  0A 0B FE 7F 2D 06 00 00 
  3043)    33042.0  Rx      0610  8  04 00 D3 01 E4 01 22 00 
  3044)    33067.1  Rx      0626  8  15 0B FE 7F 23 06 00 00 
  3045)    33077.1  Rx      0618  8  00 01 00 64 92 13 21 00 
  3046)    33094.1  Rx      0600  8  0A 66 01 00 00 40 00 00 
  3047)    33101.1  Rx      0626  8  16 0B FE 7F 25 06 00 00 
  3048)    33115.6  Rx  1839F380  8  01 1C 23 1F 08 07 00 AF 
  3049)    33135.0  Rx      0626  8  1C 0B FE 7F 1C 06 00 00 
  3050)    33143.0  Rx      0610  8  04 00 CE 01 DF 01 21 00 
  3051)    33169.1  Rx      0626  8  16 0B FE 7F 19 06 00 00 
  3052)    33178.0  Rx      0618  8  00 01 00 64 A2 13 21 00 
  3053)    33186.0  Rx      0625  8  00 00 00 00 32 00 00 00 
  3054)    33196.0  Rx      0600  8  0A 66 01 00 00 40 00 00 
  3055)    33203.0  Rx      0626  8  13 0B FE 7F 0E 06 00 00 
  3056)    33215.6  Rx  1839F380  8  01 1C 23 1F 08 07 00 AF 
  3057)    33237.1  Rx      0626  8  10 0B FE 7F 0D 06 00 00 
  3058)    33244.0  Rx      0610  8  04 00 C9 01 DA 01 21 00 
  3059)    33271.1  Rx      0626  8  13 0B FE 7F 03 06 00 00 
  3060)    33279.1  Rx      0618  8  00 01 00 64 98 13 20 00 
  3061)    33298.0  Rx      0600  8  0A 66 01 00 00 40 00 00 
  3062)    33305.0  Rx      0626  8  12 0B FE 7F 03 06 00 00 
  3063)    33315.6  Rx  1839F380  8  01 1C 23 1F 08 07 00 AF 
  3064)    33339.1  Rx      0626  8  18 0B FE 7F FB 05 00 00 
  3065)    33345.0  Rx      0610  8  04 00 C4 01 D5 01 21 00 
  3066)    33373.1  Rx      0626  8  13 0B FE 7F FC 05 00 00 
  3067)    33380.0  Rx      0618  8  00 01 00 64 9F 13 20 00 
  3068)    33380.2  Rx      0620  8  15 19 00 00 82 02 00 00 
  3069)    33400.1  Rx      0600  8  0A 66 01 00 00 40 00 00 
  3070)    33407.0  Rx      0626  8  16 0B FE 7F F7 05 00 00 
  3071)    33415.6  Rx  1839F380  8  01 1C 23 1F 08 07 00 AF 
  3072)    33441.1  Rx      0626  8  0C 0B FE 7F E6 05 00 00 
  3073)    33446.0  Rx      0610  8  04 00 C0 01 D1 01 20 00 
  3074)    33475.1  Rx      0626  8  00 0B FE 7F ED 05 00 00 
  3075)    33481.0  Rx      0618  8  00 01 00 64 A0 13 20 00 
  3076)    33502.0  Rx      0600  8  0A 66 01 00 00 40 00 00 
  3077)    33509.1  Rx      0626  8  02 0B FE 7F DA 05 00 00 
  3078)    33515.6  Rx  1839F380  8  01 1C 23 1F 08 07 00 AF 
  3079)    33515.6  Rx      0100  8  2B 90 F9 48 11 C6 95 FA 
  3080)    33518.6  Rx      0101  8  13 88 00 17 00 5B 58 13 
  3081)    33521.6  Rx      0102  8  00 00 00 00 00 00 1B 00 
  3082)    33524.6  Rx      0104  4  1C 03 71 49 
  3083)    33527.6  Rx      0105  8  0B B0 0B BA 0B A6 31 E4 
  3084)    33530.6  Rx      0107  8  0F 8A 0F 91 0F 8D 57 0E 
  3085)    33533.6  Rx      0108  8  0F 94 0F 90 0F 8C 55 36 
  3086)    33536.6  Rx      0109  8  0F 93 0F 8F 0F 8B 91 F3 
  3087)    33539.6  Rx      010A  8  0F 92 0F 8E 0F 8A 51 5E 
  3088)    33542.6  Rx      010B  8  0F 91 0F 8D 0F 94 59 6A 
  3089)    33543.0  Rx      0626  8  07 0B FE 7F E2 05 00 00 
  3090)    33545.6  Rx      010C  8  0F 90 0F 8C 0F 93 9B 47 
  3091)    33547.0  Rx      0610  8  04 00 BB 01 CB 01 20 00 
  3092)    33548.6  Rx      010D  8  0F 8F 0F 8B 0F 92 58 A2 
  3093)    33551.6  Rx      010E  8  0F 8E 0F 8A 0F 91 59 8E 
  3094)    33554.6  Rx      010F  8  0F 8D 0F 94 0F 90 9F 6B 
  3095)    33557.6  Rx      0110  8  0F 8C 00 00 00 00 3B 11 
  3096)    33577.0  Rx      0626  8  00 0B FE 7F D0 05 00 00 
  3097)    33582.0  Rx      0618  8  00 01 00 64 99 13 1F 00 
  3098)    33604.1  Rx      0600  8  0A 66 01 00 00 40 00 00 
  3099)    33611.0  Rx      0626  8  FF 0A FE 7F D7 05 00 00 
  3100)    33615.6  Rx  1839F380  8  01 1C 23 1F 08 07 00 AF 
  3101)    33644.1  Rx      0615  8  15 00 56 00 00 00 00 00 
  3102)    33645.0  Rx      0626  8  03 0B FE 7F C8 05 00 00 
  3103)    33648.0  Rx      0610  8  04 00 B7 01 C7 01 1F 00 
  3104)    33679.0  Rx      0626  8  02 0B FE 7F C6 05 00 00 
  3105)    33683.1  Rx      0618  8  00 01 00 64 9A 13 1F 00 
  3106)    33706.0  Rx      0600  8  0A 66 01 00 00 40 00 00 
  3107)    33713.0  Rx      0626  8  F8 0A FE 7F C5 05 00 00 
  3108)    33715.6  Rx  1839F380  8  01 1C 23 1F 08 07 00 AF 
  3109)    33747.0  Rx      0626  8  F2 0A FE 7F BB 05 00 00 
  3110)    33749.0  Rx      0610  8  04 00 B2 01 C2 01 1F 00 
  3111)    33781.1  Rx      0626  8  CA 0A FE 7F B7 05 00 00 
  3112)    33784.0  Rx      0618  8  00 01 00 64 9A 13 1E 00 
  3113)    33786.1  Rx      0628  8  13 04 6F 00 21 00 00 00 
  3114)    33808.0  Rx      0600  8  0A 66 01 00 00 40 00 00 
  3115)    33815.0  Rx      0626  8  93 0A FE 7F AF 05 00 00 
  3116)    33815.6  Rx  1839F380  8  01 1C 23 1F 08 07 00 AF 
  3117)    33849.0  Rx      0626  8  37 0A FE 7F AA 05 00 00 
  3118)    33850.1  Rx      0610  8  04 00 AD 01 BD 01 1E 00 
  3119)    33883.0  Rx      0626  8  F7 09 FE 7F 9F 05 00 00 
  3120)    33885.0  Rx      0618  8  00 01 00 64 9A 13 1B 00 
  3121)    33910.0  Rx      0600  8  0A 66 01 00 00 40 00 00 
  3122)    33915.6  Rx  1839F380  8  01 1C 23 1F 08 07 00 AF 
  3123)    33917.0  Rx      0626  8  68 09 FE 7F 99 05 00 00 
  3124)    33951.0  Rx      0610  8  03 00 A5 01 B5 01 1A 00 
  3125)    33951.2  Rx      0626  8  CA 08 FE 7F 86 05 00 00 
  3126)    33985.1  Rx      0626  8  16 08 FE 7F 78 05 00 00 
  3127)    33986.0  Rx      0618  8  00 01 00 64 A4 13 15 00 
  3128)    34012.0  Rx      0600  8  0A 66 01 00 00 40 00 00 
  3129)    34015.6  Rx  1839F380  8  01 1C 23 1F 08 07 00 AF 
  3130)    34019.0  Rx      0626  8  75 07 FE 7F 62 05 00 00 
  3131)    34052.0  Rx      0610  8  03 00 99 01 A9 01 15 00 
  3132)    34053.1  Rx      0626  8  0C 07 FE 7F 5A 05 00 00 
  3133)    34075.1  Rx      0625  8  00 00 00 00 32 00 00 00 
  3134)    34087.1  Rx      0618  8  00 01 00 64 99 13 10 00 
  3135)    34087.2  Rx      0626  8  6D 06 FE 7F 3C 05 00 00 
  3136)    34114.1  Rx      0600  8  0A 66 01 00 00 40 00 00 
  3137)    34115.6  Rx  1839F380  8  01 1C 23 1F 08 07 00 AF 
  3138)    34121.1  Rx      0626  8  16 06 FE 7F 27 05 00 00 
  3139)    34153.1  Rx      0610  8  02 00 86 01 95 01 10 00 
  3140)    34155.1  Rx      0626  8  AC 05 FE 7F 04 05 00 00 
  3141)    34188.0  Rx      0618  8  00 01 00 64 9A 13 0D 00 
  3142)    34189.1  Rx      0626  8  5C 05 FE 7F F2 04 00 00 
  3143)    34215.6  Rx  1839F380  8  01 1C 23 1F 08 07 00 AF 
  3144)    34216.0  Rx      0600  8  0A 66 01 00 00 40 00 00 
  3145)    34223.0  Rx      0626  8  E4 04 FE 7F D4 04 00 00 
  3146)    34254.0  Rx      0610  8  01 00 6F 01 7D 01 0C 00 
  3147)    34257.1  Rx      0626  8  56 04 FE 7F AD 04 00 00 
  3148)    34289.0  Rx      0618  8  00 01 00 64 A4 13 09 00 
  3149)    34291.1  Rx      0626  8  0B 04 FE 7F 9E 04 00 00 
  3150)    34315.6  Rx  1839F380  8  01 1C 23 1F 08 07 00 AF 
  3151)    34318.0  Rx      0600  8  0A 66 01 00 00 40 00 00 
  3152)    34325.1  Rx      0626  8  A6 03 FE 7F 6C 04 00 00 
  3153)    34355.1  Rx      0610  8  01 00 55 01 62 01 08 00 
  3154)    34359.0  Rx      0626  8  67 03 FE 7F 53 04 00 00 
  3155)    34381.1  Rx      0620  8  15 19 00 00 82 02 00 00 
  3156)    34389.2  Rx      0037  3  00 00 00 
  3157)    34389.7  Rx      0030  8  07 40 00 04 00 00 00 43 
  3158)    34390.0  Rx      0618  8  00 01 00 64 A5 13 06 00 
  3159)    34393.1  Rx      0626  8  0B 03 FE 7F 3F 04 00 00 
  3160)    34415.6  Rx  1839F380  8  01 1C 23 1F 08 07 00 AF 
  3161)    34418.1  Rx      0615  8  0F 00 56 00 00 00 00 00 
  3162)    34420.0  Rx      0600  8  0A 66 01 00 00 40 00 00 
  3163)    34427.0  Rx      0626  8  BF 02 FE 7F 08 04 00 00 
  3164)    34456.0  Rx      0610  8  01 00 38 01 43 01 06 00 
  3165)    34461.0  Rx      0626  8  53 02 FE 7F EF 03 00 00 
  3166)    34491.1  Rx      0618  8  00 01 00 64 A1 13 03 00 
  3167)    34495.0  Rx      0626  8  E6 01 FE 7F D4 03 00 00 
  3168)    34515.6  Rx  1839F380  8  01 1C 23 1F 08 07 00 AF 
  3169)    34515.6  Rx      0100  8  2B 90 F9 A2 11 C6 61 DB 
  3170)    34518.6  Rx      0101  8  13 88 00 17 00 5B 58 13 
  3171)    34521.6  Rx      0102  8  00 00 00 00 00 00 1B 00 
  3172)    34522.0  Rx      0600  8  0A 66 01 00 00 40 00 00 
  3173)    34524.6  Rx      0104  4  1C 03 71 49 
  3174)    34527.6  Rx      0105  8  0B B0 0B BA 0B A6 31 E4 
  3175)    34529.1  Rx      0626  8  42 01 FE 7F 98 03 00 00 
  3176)    34530.6  Rx      0107  8  0F 8A 0F 91 0F 8D 57 0E 
  3177)    34533.6  Rx      0108  8  0F 94 0F 90 0F 8C 55 36 
  3178)    34536.6  Rx      0109  8  0F 93 0F 8F 0F 8B 91 F3 
  3179)    34539.6  Rx      010A  8  0F 92 0F 8E 0F 8A 51 5E 
  3180)    34542.6  Rx      010B  8  0F 91 0F 8D 0F 94 59 6A 
  3181)    34543.0  Rx      0628  8  0A 04 6F 00 21 00 00 00 
  3182)    34545.6  Rx      010C  8  0F 90 0F 8C 0F 93 9B 47 
  3183)    34548.6  Rx      010D  8  0F 8F 0F 8B 0F 92 58 A2 
  3184)    34551.6  Rx      010E  8  0F 8E 0F 8A 0F 91 59 8E 
  3185)    34554.6  Rx      010F  8  0F 8D 0F 94 0F 90 9F 6B 
  3186)    34557.1  Rx      0610  8  00 00 18 01 23 01 03 00 
  3187)    34557.6  Rx      0110  8  0F 8C 00 00 00 00 3B 11 
  3188)    34563.0  Rx      0626  8  E0 00 FE 7F 72 03 00 00 
  3189)    34592.0  Rx      0618  8  00 01 00 64 AE 13 01 00 
  3190)    34597.0  Rx      0626  8  8A 00 98 79 51 03 00 00 
  3191)    34615.6  Rx  1839F380  8  01 1C 23 1F 08 07 00 AF 
  3192)    34624.0  Rx      0600  8  0A 64 01 00 00 50 00 00 
  3193)    34631.0  Rx      0626  8  00 00 FF 5F 29 03 00 00 
  3194)    34658.0  Rx      0610  8  00 00 F6 00 FF 00 00 00 
  3195)    34665.0  Rx      0626  8  00 00 FE 7F FB 02 00 00 
  3196)    34693.0  Rx      0618  8  00 01 00 64 A3 13 00 00 
  3197)    34699.0  Rx      0626  8  00 00 FE 7F D1 02 00 00 
  3198)    34715.6  Rx  1839F380  8  01 1C 23 1F 08 07 00 AF 
  3199)    34726.0  Rx      0600  8  0A 64 01 00 00 40 00 00 
  3200)    34733.0  Rx      0626  8  00 00 FE 7F A7 02 00 00 
  3201)    34759.0  Rx      0610  8  00 00 D2 00 DA 00 00 00 
  3202)    34767.0  Rx      0626  8  00 00 FE 7F 93 02 00 00 
  3203)    34794.0  Rx      0618  8  00 01 00 64 A0 13 00 00 
  3204)    34801.0  Rx      0626  8  00 00 FE 7F 64 02 00 00 
  3205)    34815.6  Rx  1839F380  8  01 1C 23 1F 08 07 00 AF 
  3206)    34827.9  Rx      0600  8  0A 64 01 00 00 40 00 00 
  3207)    34835.0  Rx      0626  8  00 00 FE 7F 37 02 00 00 
  3208)    34860.0  Rx      0610  8  00 00 AF 00 B6 00 00 00 
  3209)    34869.0  Rx      0626  8  00 00 FE 7F 09 02 00 00 
  3210)    34895.0  Rx      0618  8  00 01 00 64 9F 13 00 00 
  3211)    34903.0  Rx      0626  8  00 00 FE 7F F3 01 00 00 
  3212)    34915.6  Rx  1839F380  8  01 1C 23 1F 08 07 00 AF 
  3213)    34930.0  Rx      0600  8  0A 64 01 00 00 40 00 00 
  3214)    34937.0  Rx      0626  8  00 00 FE 7F C4 01 00 00 
  3215)    34961.0  Rx      0610  8  00 00 8E 00 94 00 00 00 
  3216)    34964.0  Rx      0625  8  00 00 00 00 32 00 00 00 
  3217)    34971.0  Rx      0626  8  00 00 FE 7F AB 01 00 00 
  3218)    34996.0  Rx      0618  8  00 01 00 64 A0 13 00 00 
  3219)    35005.0  Rx      0626  8  00 00 FE 7F 7D 01 00 00 
  3220)    35015.6  Rx  1839F380  8  01 1D 24 20 08 07 00 B2 
  3221)    35032.0  Rx      0600  8  0A 64 01 00 00 40 00 00 
  3222)    35039.0  Rx      0626  8  00 00 FE 7F 65 01 00 00 
  3223)    35062.0  Rx      0610  8  00 00 70 00 74 00 00 00 
  3224)    35073.0  Rx      0626  8  00 00 FE 7F 4A 01 00 00 
  3225)    35097.0  Rx      0618  8  00 01 00 64 A0 13 00 00 
  3226)    35107.0  Rx      0626  8  00 00 FE 7F 1B 01 00 00 
  3227)    35115.6  Rx  1839F380  8  01 1D 24 20 08 07 00 B2 
  3228)    35134.0  Rx      0600  8  0A 64 01 00 00 40 00 00 
  3229)    35141.0  Rx      0626  8  00 00 FE 7F 00 01 00 00 
  3230)    35163.0  Rx      0610  8  00 00 52 00 56 00 00 00 
  3231)    35175.0  Rx      0626  8  00 00 FE 7F E5 00 00 00 
  3232)    35198.0  Rx      0618  8  00 01 00 64 A0 13 00 00 
  3233)    35209.0  Rx      0626  8  00 00 FE 7F C5 00 00 00 
  3234)    35215.6  Rx  1839F380  8  01 1D 24 20 08 07 00 B2 
  3235)    35236.0  Rx      0600  8  0A 64 01 00 00 40 00 00 
  3236)    35243.0  Rx      0626  8  00 00 FE 7F A8 00 00 00 
  3237)    35264.0  Rx      0610  8  00 00 38 00 3A 00 00 00 
  3238)    35277.0  Rx      0626  8  00 00 FE 7F 87 00 00 00 
  3239)    35299.0  Rx      0618  8  00 01 00 64 A0 13 00 00 
  3240)    35300.0  Rx      0628  8  0A 04 6F 00 21 00 00 00 
  3241)    35311.0  Rx      0626  8  00 00 FE 7F 6B 00 00 00 
  3242)    35315.6  Rx  1839F380  8  01 1D 24 20 08 07 00 B2 
  3243)    35338.0  Rx      0600  8  0A 64 01 00 00 40 00 00 
  3244)    35345.0  Rx      0626  8  00 00 FE 7F 50 00 00 00 
  3245)    35365.0  Rx      0610  8  00 00 1E 00 1F 00 00 00 
  3246)    35379.0  Rx      0626  8  00 00 FE 7F 36 00 00 00 
  3247)    35382.0  Rx      0620  8  15 19 00 00 82 02 00 00 
  3248)    35400.0  Rx      0618  8  00 01 00 64 A2 13 00 00 
  3249)    35413.0  Rx      0626  8  00 00 FE 7F 27 00 00 00 
  3250)    35415.6  Rx  1839F380  8  01 1D 24 20 08 07 00 B2 
  3251)    35440.0  Rx      0600  8  0A 64 01 00 00 40 00 00 
  3252)    35447.0  Rx      0626  8  00 00 FE 7F 1B 00 00 00 
  3253)    35466.0  Rx      0610  8  00 00 0B 00 0C 00 00 00 
  3254)    35481.0  Rx      0626  8  00 00 FE 7F 13 00 00 00 
  3255)    35501.0  Rx      0618  8  00 01 00 64 A2 13 00 00 
  3256)    35515.0  Rx      0626  8  00 00 FE 7F 0E 00 00 00 
  3257)    35515.6  Rx  1839F380  8  01 1D 24 20 08 07 00 B2 
  3258)    35515.6  Rx      0100  8  2B 90 FA 17 11 C6 C3 CA 
  3259)    35518.6  Rx      0101  8  13 88 00 17 00 5B 58 13 
  3260)    35521.6  Rx      0102  8  00 00 00 00 00 00 1B 00 
  3261)    35524.6  Rx      0104  4  1C 03 71 49 
  3262)    35527.6  Rx      0105  8  0B B0 0B BA 0B A6 31 E4 
  3263)    35530.6  Rx      0107  8  0F 8A 0F 91 0F 8D 57 0E 
  3264)    35533.6  Rx      0108  8  0F 94 0F 90 0F 8C 55 36 
  3265)    35536.6  Rx      0109  8  0F 93 0F 8F 0F 8B 91 F3 
  3266)    35539.6  Rx      010A  8  0F 92 0F 8E 0F 8A 51 5E 
  3267)    35542.0  Rx      0600  8  0A 64 01 00 00 40 00 00 
  3268)    35542.6  Rx      010B  8  0F 91 0F 8D 0F 94 59 6A 
  3269)    35545.6  Rx      010C  8  0F 90 0F 8C 0F 93 9B 47 
  3270)    35548.6  Rx      010D  8  0F 8F 0F 8B 0F 92 58 A2 
  3271)    35549.0  Rx      0626  8  00 00 FE 7F 0A 00 00 00 
  3272)    35551.6  Rx      010E  8  0F 8E 0F 8A 0F 91 59 8E 
  3273)    35554.6  Rx      010F  8  0F 8D 0F 94 0F 90 9F 6B 
  3274)    35557.6  Rx      0110  8  0F 8C 00 00 00 00 3B 11 
  3275)    35567.0  Rx      0610  8  00 00 04 00 04 00 00 00 
  3276)    35583.0  Rx      0626  8  00 00 FE 7F 07 00 00 00 
  3277)    35602.0  Rx      0618  8  00 01 00 64 A1 13 00 00 
  3278)    35615.6  Rx  1839F380  8  01 1D 24 20 08 07 00 B2 
  3279)    35617.0  Rx      0626  8  00 00 FE 7F 05 00 00 00 
  3280)    35644.0  Rx      0600  8  0A 64 01 00 00 40 00 00 
  3281)    35651.0  Rx      0626  8  00 00 FE 7F 03 00 00 00 
  3282)    35668.0  Rx      0610  8  00 00 01 00 01 00 00 00 
  3283)    35685.0  Rx      0626  8  00 00 FE 7F 02 00 00 00 
  3284)    35703.0  Rx      0618  8  00 01 00 64 A1 13 00 00 
  3285)    35715.6  Rx  1839F380  8  01 1D 24 20 08 07 00 B2 
  3286)    35719.0  Rx      0626  8  00 00 FE 7F 01 00 00 00 
  3287)    35746.0  Rx      0600  8  0A 64 01 00 00 40 00 00 
  3288)    35753.0  Rx      0626  8  00 00 FE 7F 01 00 00 00 
  3289)    35769.0  Rx      0610  8  00 00 00 00 00 00 00 00 
  3290)    35787.0  Rx      0626  8  00 00 FE 7F 00 00 00 00 
  3291)    35804.0  Rx      0618  8  00 01 00 64 A1 13 00 00 
  3292)    35815.6  Rx  1839F380  8  01 1D 24 20 08 07 00 B2 
  3293)    35821.0  Rx      0626  8  00 00 FE 7F 00 00 00 00 
  3294)    35848.0  Rx      0600  8  0A 64 01 00 00 40 00 00 
  3295)    35853.0  Rx      0625  8  00 00 00 00 32 00 00 00 
  3296)    35855.0  Rx      0626  8  00 00 FE 7F 00 00 00 00 
  3297)    35870.0  Rx      0610  8  00 00 00 00 00 00 00 00 
  3298)    35889.0  Rx      0626  8  00 00 FE 7F 00 00 00 00 
  3299)    35905.0  Rx      0618  8  00 01 00 64 A2 13 00 00 
  3300)    35915.6  Rx  1839F380  8  01 1D 24 20 08 07 00 B2 
  3301)    35923.0  Rx      0626  8  00 00 FE 7F 00 00 00 00 
  3302)    35950.0  Rx      0600  8  0A 64 01 00 00 40 00 00 
  3303)    35957.0  Rx      0626  8  00 00 FE 7F 00 00 00 00 
  3304)    35971.0  Rx      0610  8  00 00 00 00 00 00 00 00 
  3305)    35991.0  Rx      0626  8  00 00 FE 7F 00 00 00 00 
  3306)    36006.0  Rx      0618  8  00 01 00 64 A0 13 00 00 
  3307)    36015.6  Rx  1839F380  8  01 1D 24 20 08 07 00 B2 
  3308)    36025.0  Rx      0626  8  00 00 FE 7F 00 00 00 00 
  3309)    36051.9  Rx      0600  8  0A 64 01 00 00 40 00 00 
  3310)    36057.0  Rx      0628  8  0D 04 6F 00 21 00 00 00 
  3311)    36059.0  Rx      0626  8  00 00 FE 7F 00 00 00 00 
  3312)    36072.0  Rx      0610  8  00 00 00 00 00 00 00 00 
  3313)    36093.0  Rx      0626  8  00 00 FE 7F 00 00 00 00 
  3314)    36107.0  Rx      0618  8  00 01 00 64 A3 13 00 00 
  3315)    36115.6  Rx  1839F380  8  01 1D 24 20 08 07 00 B2 
  3316)    36127.0  Rx      0626  8  00 00 FE 7F 00 00 00 00 
  3317)    36154.0  Rx      0600  8  0A 64 01 00 00 40 00 00 
  3318)    36161.0  Rx      0626  8  00 00 FE 7F 00 00 00 00 
  3319)    36173.0  Rx      0610  8  00 00 00 00 00 00 00 00 
  3320)    36195.0  Rx      0626  8  00 00 FE 7F 00 00 00 00 
  3321)    36208.0  Rx      0618  8  00 01 00 64 A0 13 00 00 
  3322)    36215.6  Rx  1839F380  8  01 1D 24 20 08 07 00 B2 
  3323)    36229.0  Rx      0626  8  00 00 FE 7F 00 00 00 00 
  3324)    36256.0  Rx      0600  8  0A 64 01 00 00 40 00 00 
  3325)    36263.0  Rx      0626  8  00 00 FE 7F 00 00 00 00 
  3326)    36274.0  Rx      0610  8  00 00 00 00 00 00 00 00 
  3327)    36297.0  Rx      0626  8  00 00 FE 7F 00 00 00 00 
  3328)    36309.0  Rx      0618  8  00 01 00 64 A3 13 00 00 
  3329)    36315.6  Rx  1839F380  8  01 1D 24 20 08 07 00 B2 
  3330)    36331.0  Rx      0626  8  00 00 FE 7F 00 00 00 00 
  3331)    36358.0  Rx      0600  8  0A 64 01 00 00 40 00 00 
  3332)    36365.0  Rx      0626  8  00 00 FE 7F 00 00 00 00 
  3333)    36375.0  Rx      0610  8  00 00 00 00 00 00 00 00 
  3334)    36383.0  Rx      0620  8  15 19 00 00 82 02 00 00 
  3335)    36386.7  Rx      0037  3  00 00 00 
  3336)    36387.2  Rx      0030  8  07 40 00 04 00 00 00 44 
  3337)    36399.0  Rx      0626  8  00 00 FE 7F 00 00 00 00 
  3338)    36410.0  Rx      0618  8  00 01 00 64 A0 13 00 00 
  3339)    36415.6  Rx  1839F380  8  01 1D 24 20 08 07 00 B2 
  3340)    36433.0  Rx      0626  8  00 00 FE 7F 00 00 00 00 
  3341)    36460.0  Rx      0600  8  0A 64 01 00 00 40 00 00 
  3342)    36467.0  Rx      0626  8  00 00 FE 7F 00 00 00 00 
  3343)    36476.0  Rx      0610  8  00 00 00 00 00 00 00 00 
  3344)    36501.0  Rx      0626  8  00 00 FE 7F 00 00 00 00 
  3345)    36511.0  Rx      0618  8  00 01 00 64 A0 13 00 00 
  3346)    36515.6  Rx  1839F380  8  01 1D 24 20 08 07 00 B2 
  3347)    36515.6  Rx      0100  8  2B 90 FA 9F 11 C6 E9 4A 
  3348)    36518.6  Rx      0101  8  13 88 00 17 00 5B 58 13 
  3349)    36521.6  Rx      0102  8  00 00 00 00 00 00 1B 00 
  3350)    36524.6  Rx      0104  4  1C 03 71 49 
  3351)    36527.6  Rx      0105  8  0B B0 0B BA 0B A6 31 E4 
  3352)    36530.6  Rx      0107  8  0F 8A 0F 91 0F 8D 57 0E 
  3353)    36533.6  Rx      0108  8  0F 94 0F 90 0F 8C 55 36 
  3354)    36535.0  Rx      0626  8  00 00 FE 7F 00 00 00 00 
  3355)    36536.6  Rx      0109  8  0F 93 0F 8F 0F 8B 91 F3 
  3356)    36539.6  Rx      010A  8  0F 92 0F 8E 0F 8A 51 5E 
  3357)    36542.6  Rx      010B  8  0F 91 0F 8D 0F 94 59 6A 
  3358)    36545.6  Rx      010C  8  0F 90 0F 8C 0F 93 9B 47 
  3359)    36548.6  Rx      010D  8  0F 8F 0F 8B 0F 92 58 A2 
  3360)    36551.6  Rx      010E  8  0F 8E 0F 8A 0F 91 59 8E 
  3361)    36554.6  Rx      010F  8  0F 8D 0F 94 0F 90 9F 6B 
  3362)    36557.6  Rx      0110  8  0F 8C 00 00 00 00 3B 11 
  3363)    36562.0  Rx      0600  8  0A 64 01 00 00 40 00 00 
  3364)    36569.0  Rx      0626  8  00 00 FE 7F 00 00 00 00 
  3365)    36577.0  Rx      0610  8  00 00 00 00 00 00 00 00 
  3366)    36602.9  Rx      0626  8  00 00 FE 7F 00 00 00 00 
  3367)    36612.0  Rx      0618  8  00 01 00 64 A1 13 00 00 
  3368)    36615.6  Rx  1839F380  8  01 1D 24 20 08 07 00 B2 
  3369)    36637.0  Rx      0626  8  00 00 FE 7F 00 00 00 00 
  3370)    36664.0  Rx      0600  8  0A 64 01 00 00 40 00 00 
  3371)    36670.9  Rx      0626  8  00 00 FE 7F 00 00 00 00 
  3372)    36678.0  Rx      0610  8  00 00 00 00 00 00 00 00 
  3373)    36705.0  Rx      0626  8  00 00 FE 7F 00 00 00 00 
  3374)    36712.9  Rx      0618  8  00 01 00 64 A1 13 00 00 
  3375)    36715.6  Rx  1839F380  8  01 1D 24 20 08 07 00 B2 
  3376)    36739.0  Rx      0626  8  00 00 FE 7F 00 00 00 00 
  3377)    36742.0  Rx      0625  8  00 00 00 00 32 00 00 00 
  3378)    36766.0  Rx      0600  8  0A 64 01 00 00 40 00 00 
  3379)    36773.0  Rx      0626  8  00 00 FE 7F 00 00 00 00 
  3380)    36779.0  Rx      0610  8  00 00 00 00 00 00 00 00 
  3381)    36807.0  Rx      0626  8  00 00 FE 7F 00 00 00 00 
  3382)    36814.0  Rx      0618  8  00 01 00 64 A3 13 00 00 
  3383)    36814.1  Rx      0628  8  0D 04 6F 00 21 00 00 00 
  3384)    36815.6  Rx  1839F380  8  01 1D 24 20 08 07 00 B2 
  3385)    36841.0  Rx      0626  8  00 00 FE 7F 00 00 00 00 
  3386)    36868.0  Rx      0600  8  0A 64 01 00 00 40 00 00 
  3387)    36875.0  Rx      0626  8  00 00 FE 7F 00 00 00 00 
  3388)    36880.1  Rx      0610  8  00 00 00 00 00 00 00 00 
  3389)    36909.0  Rx      0626  8  00 00 FE 7F 00 00 00 00 
  3390)    36915.0  Rx      0618  8  00 01 00 64 A1 13 00 00 
  3391)    36915.6  Rx  1839F380  8  01 1D 24 20 08 07 00 B2 
  3392)    36943.0  Rx      0626  8  00 00 FE 7F 00 00 00 00 
  3393)    36970.0  Rx      0600  8  0A 64 01 00 00 40 00 00 
  3394)    36977.0  Rx      0626  8  00 00 FE 7F 00 00 00 00 
  3395)    36981.0  Rx      0610  8  00 00 00 00 00 00 00 00 
  3396)    37011.0  Rx      0626  8  00 00 FE 7F 00 00 00 00 
  3397)    37015.6  Rx  1839F380  8  01 1D 24 20 08 07 00 B2 
  3398)    37016.0  Rx      0618  8  00 01 00 64 A2 13 00 00 
  3399)    37045.0  Rx      0626  8  00 00 FE 7F 00 00 00 00 
  3400)    37072.0  Rx      0600  8  0A 64 01 00 00 40 00 00 
  3401)    37079.0  Rx      0626  8  00 00 FE 7F 00 00 00 00 
  3402)    37082.0  Rx      0610  8  00 00 00 00 00 00 00 00 
  3403)    37113.0  Rx      0626  8  00 00 FE 7F 00 00 00 00 
  3404)    37115.6  Rx  1839F380  8  01 1D 24 20 08 07 00 B2 
  3405)    37117.0  Rx      0618  8  00 01 00 64 A1 13 00 00 
  3406)    37147.0  Rx      0626  8  00 00 FE 7F 00 00 00 00 
  3407)    37174.0  Rx      0600  8  0A 64 01 00 00 40 00 00 
  3408)    37181.0  Rx      0626  8  00 00 FE 7F 00 00 00 00 
  3409)    37183.0  Rx      0610  8  00 00 00 00 00 00 00 00 
  3410)    37215.0  Rx      0626  8  00 00 FE 7F 00 00 00 00 
  3411)    37215.6  Rx  1839F380  8  01 1D 24 20 08 07 00 B2 
  3412)    37218.0  Rx      0618  8  00 01 00 64 A1 13 00 00 
  3413)    37249.0  Rx      0626  8  00 00 FE 7F 00 00 00 00 
  3414)    37276.0  Rx      0600  8  0A 64 01 00 00 40 00 00 
  3415)    37283.0  Rx      0626  8  00 00 FE 7F 00 00 00 00 
  3416)    37284.0  Rx      0610  8  00 00 00 00 00 00 00 00 
  3417)    37315.6  Rx  1839F380  8  01 1D 24 20 08 07 00 B2 
  3418)    37317.0  Rx      0626  8  00 00 FE 7F 00 00 00 00 
  3419)    37319.0  Rx      0618  8  00 01 00 64 A2 13 00 00 
  3420)    37351.0  Rx      0626  8  00 00 FE 7F 00 00 00 00 
  3421)    37378.0  Rx      0600  8  0A 64 01 00 00 40 00 00 
  3422)    37384.0  Rx      0620  8  15 19 00 00 82 02 00 00 
  3423)    37385.0  Rx      0610  8  00 00 00 00 00 00 00 00 
  3424)    37385.1  Rx      0626  8  00 00 FE 7F 00 00 00 00 
  3425)    37415.6  Rx  1839F380  8  01 1D 24 20 08 07 00 B2 
  3426)    37419.0  Rx      0626  8  00 00 FE 7F 00 00 00 00 
  3427)    37420.0  Rx      0618  8  00 01 00 64 A1 13 00 00 
  3428)    37453.0  Rx      0626  8  00 00 FE 7F 00 00 00 00 
  3429)    37480.0  Rx      0600  8  0A 64 01 00 00 40 00 00 
  3430)    37485.9  Rx      0610  8  00 00 00 00 00 00 00 00 
  3431)    37487.0  Rx      0626  8  00 00 FE 7F 00 00 00 00 
  3432)    37515.6  Rx  1839F380  8  01 1D 24 20 08 07 00 B2 
  3433)    37515.6  Rx      0100  8  2B 6C FB 32 11 94 1D 0B 
  3434)    37518.6  Rx      0101  8  13 88 00 17 00 5A 98 D2 
  3435)    37521.0  Rx      0618  8  00 01 00 64 A0 13 00 00 
  3436)    37521.1  Rx      0626  8  00 00 FE 7F 00 00 00 00 
  3437)    37521.6  Rx      0102  8  00 00 00 00 00 00 1B 00 
  3438)    37524.6  Rx      0104  4  1C 03 71 49 
  3439)    37527.6  Rx      0105  8  0B B0 0B BA 0B A6 31 E4 
  3440)    37530.6  Rx      0107  8  0F 7D 0F 84 0F 80 83 2B 
  3441)    37533.6  Rx      0108  8  0F 87 0F 83 0F 7F 16 02 
  3442)    37536.6  Rx      0109  8  0F 86 0F 82 0F 7E D6 AF 
  3443)    37539.6  Rx      010A  8  0F 85 0F 81 0F 7D D7 5B 
  3444)    37542.6  Rx      010B  8  0F 84 0F 80 0F 87 94 B7 
  3445)    37545.6  Rx      010C  8  0F 83 0F 7F 0F 86 A4 F3 
  3446)    37548.6  Rx      010D  8  0F 82 0F 7E 0F 85 A5 DF 
  3447)    37551.6  Rx      010E  8  0F 81 0F 7D 0F 84 65 AA 
  3448)    37554.6  Rx      010F  8  0F 80 0F 87 0F 83 56 F6 
  3449)    37555.0  Rx      0626  8  00 00 FE 7F 00 00 00 00 
  3450)    37557.6  Rx      0110  8  0F 7F 00 00 00 00 2E 15 
  3451)    37571.0  Rx      0628  8  0D 04 6F 00 21 00 00 00 
  3452)    37581.9  Rx      0600  8  0A 64 01 00 00 40 00 00 
  3453)    37587.0  Rx      0610  8  00 00 00 00 00 00 00 00 
  3454)    37589.0  Rx      0626  8  00 00 FE 7F 00 00 00 00 
  3455)    37615.6  Rx  1839F380  8  01 1D 24 20 08 07 00 B2 
  3456)    37622.0  Rx      0618  8  00 01 00 64 A4 13 00 00 
  3457)    37623.0  Rx      0626  8  00 00 FE 7F 00 00 00 00 
  3458)    37631.0  Rx      0625  8  00 00 00 00 32 00 00 00 
  3459)    37656.9  Rx      0626  8  00 00 FE 7F 00 00 00 00 
  3460)    37684.0  Rx      0600  8  0A 64 01 00 00 40 00 00 
  3461)    37688.0  Rx      0610  8  00 00 00 00 00 00 00 00 
  3462)    37691.0  Rx      0626  8  00 00 FE 7F 00 00 00 00 
  3463)    37715.6  Rx  1839F380  8  01 1D 24 20 08 07 00 B2 
  3464)    37722.9  Rx      0618  8  00 01 00 64 A5 13 00 00 
  3465)    37725.0  Rx      0626  8  00 00 FE 7F 00 00 00 00 
  3466)    37759.0  Rx      0626  8  00 00 FE 7F 00 00 00 00 
  3467)    37786.0  Rx      0600  8  0A 64 01 00 00 40 00 00 
  3468)    37789.0  Rx      0610  8  00 00 00 00 00 00 00 00 
  3469)    37792.9  Rx      0626  8  00 00 FE 7F 00 00 00 00 
  3470)    37815.6  Rx  1839F380  8  01 1D 24 20 08 07 00 B2 
  3471)    37824.0  Rx      0618  8  00 01 00 64 A2 13 00 00 
  3472)    37827.0  Rx      0626  8  00 00 FE 7F 00 00 00 00 
  3473)    37861.0  Rx      0626  8  00 00 FE 7F 00 00 00 00 
  3474)    37888.0  Rx      0600  8  0A 64 01 00 00 40 00 00 
  3475)    37890.0  Rx      0610  8  00 00 00 00 00 00 00 00 
  3476)    37895.0  Rx      0626  8  00 00 FE 7F 00 00 00 00 
  3477)    37915.6  Rx  1839F380  8  01 1D 24 20 08 07 00 B2 
  3478)    37925.0  Rx      0618  8  00 01 00 64 A1 13 00 00 
  3479)    37929.0  Rx      0626  8  00 00 FE 7F 00 00 00 00 
  3480)    37962.9  Rx      0626  8  00 00 FE 7F 00 00 00 00 
  3481)    37989.9  Rx      0600  8  0A 64 01 00 00 40 00 00 
  3482)    37990.9  Rx      0610  8  00 00 00 00 00 00 00 00 
  3483)    37996.9  Rx      0626  8  00 00 FE 7F 00 00 00 00 
  3484)    38015.6  Rx  1839F380  8  01 1D 24 20 08 07 00 B2 
  3485)    38025.9  Rx      0618  8  00 01 00 64 A2 13 00 00 
  3486)    38030.9  Rx      0626  8  00 00 FE 7F 00 00 00 00 
  3487)    38064.9  Rx      0626  8  00 00 FE 7F 00 00 00 00 
